Customer_Id,Recency,Frequency,Monetary,R_Score,F_Score,M_Score,RFM_Score,Cluster,Segment
12346,325,1,77183.6,1,1,5,7,3,High-Value Customers
12347,2,7,4310.0,5,5,5,15,0,Regular Customers
12348,75,4,1437.24,2,4,4,10,0,Regular Customers
12349,18,1,1457.55,4,1,4,9,0,Regular Customers
12350,310,1,294.40000000000003,1,1,2,4,1,At-Risk / Inactive
12352,36,7,1385.74,3,5,4,12,0,Regular Customers
12353,204,1,89.0,1,1,1,3,1,At-Risk / Inactive
12354,232,1,1079.4,1,1,4,6,1,At-Risk / Inactive
12355,214,1,459.40000000000003,1,1,2,4,1,At-Risk / Inactive
12356,22,3,2487.43,4,3,5,12,0,Regular Customers
12357,33,1,6207.67,3,1,5,9,0,Regular Customers
12358,1,2,928.0600000000001,5,2,4,11,0,Regular Customers
12359,57,4,6301.63,3,4,5,12,0,Regular Customers
12360,52,3,2302.06,3,3,5,11,0,Regular Customers
12361,287,1,174.9,1,1,1,3,1,At-Risk / Inactive
12362,3,10,4737.2300000000005,5,5,5,15,0,Regular Customers
12363,109,2,552.0,2,2,3,7,0,Regular Customers
12364,7,4,1208.1,5,4,4,13,0,Regular Customers
12365,291,1,320.69,1,1,2,4,1,At-Risk / Inactive
12367,4,1,150.9,5,1,1,7,0,Regular Customers
12370,51,4,3421.94,3,4,5,12,0,Regular Customers
12371,59,1,1527.96,3,1,4,8,0,Regular Customers
12372,71,3,1196.04,3,3,4,10,0,Regular Customers
12373,311,1,324.6,1,1,2,4,1,At-Risk / Inactive
12374,25,1,622.9300000000001,4,1,3,8,0,Regular Customers
12375,10,2,377.5,5,2,2,9,0,Regular Customers
12377,315,2,1548.1200000000001,1,2,4,7,1,At-Risk / Inactive
12378,129,1,4008.62,2,1,5,8,0,Regular Customers
12379,81,2,777.24,2,2,3,7,0,Regular Customers
12380,21,4,2427.81,4,4,5,13,0,Regular Customers
12381,4,3,1474.81,5,3,4,12,0,Regular Customers
12383,184,5,1628.56,1,4,4,9,1,At-Risk / Inactive
12384,28,2,425.27000000000004,4,2,2,8,0,Regular Customers
12386,337,2,401.9,1,2,2,5,1,At-Risk / Inactive
12388,15,6,2780.6600000000003,4,5,5,14,0,Regular Customers
12390,79,1,504.84000000000003,2,1,3,6,0,Regular Customers
12391,21,1,439.66,4,1,2,7,0,Regular Customers
12393,72,4,1582.6000000000001,2,4,4,10,0,Regular Customers
12394,63,2,1080.48,3,2,4,9,0,Regular Customers
12395,19,12,2682.63,4,5,5,14,0,Regular Customers
12397,35,2,2214.9,3,2,5,10,0,Regular Customers
12398,45,1,1435.66,3,1,4,8,0,Regular Customers
12399,119,4,1033.65,2,4,4,10,0,Regular Customers
12401,303,1,69.3,1,1,1,3,1,At-Risk / Inactive
12402,323,1,195.6,1,1,1,3,1,At-Risk / Inactive
12403,49,1,391.7,3,1,2,6,0,Regular Customers
12405,148,1,1390.39,2,1,4,7,1,At-Risk / Inactive
12406,22,2,3415.3,4,2,5,11,0,Regular Customers
12407,49,5,1507.12,3,4,4,11,0,Regular Customers
12408,32,5,2618.55,4,4,5,13,0,Regular Customers
12409,78,3,11072.67,2,3,5,10,0,Regular Customers
12410,308,2,533.33,1,2,3,6,1,At-Risk / Inactive
12412,74,3,1142.88,2,3,4,9,0,Regular Customers
12413,66,3,686.1,3,3,3,9,0,Regular Customers
12414,217,3,442.41,1,3,2,6,1,At-Risk / Inactive
12415,24,20,124564.53,4,5,5,14,2,VIP Customers
12417,3,9,3226.1,5,5,5,15,0,Regular Customers
12418,112,1,668.58,2,1,3,6,0,Regular Customers
12420,63,1,600.39,3,1,3,7,0,Regular Customers
12421,15,4,639.04,4,4,3,11,0,Regular Customers
12422,95,3,683.5600000000001,2,3,3,8,0,Regular Customers
12423,0,8,1634.31,5,5,4,14,0,Regular Customers
12424,162,2,1760.96,2,2,4,8,1,At-Risk / Inactive
12425,78,1,777.2,2,1,3,6,0,Regular Customers
12426,194,1,510.73,1,1,3,5,1,At-Risk / Inactive
12427,21,3,699.8000000000001,4,3,3,10,0,Regular Customers
12428,25,8,6405.26,4,5,5,14,0,Regular Customers
12429,9,4,3388.4,5,4,5,14,0,Regular Customers
12430,43,1,216.4,3,1,1,5,0,Regular Customers
12431,35,15,6314.95,3,5,5,13,3,High-Value Customers
12432,42,4,4359.32,3,4,5,12,0,Regular Customers
12433,0,7,13375.87,5,5,5,15,0,Regular Customers
12434,84,2,806.14,2,2,3,7,0,Regular Customers
12435,79,2,7829.89,2,2,5,9,0,Regular Customers
12436,99,1,429.01,2,1,2,5,0,Regular Customers
12437,1,18,4447.41,5,5,5,15,3,High-Value Customers
12438,14,2,2466.85,5,2,5,12,0,Regular Customers
12441,366,1,155.55,1,1,1,3,1,At-Risk / Inactive
12442,3,1,144.06,5,1,1,7,0,Regular Customers
12444,21,5,4085.46,4,4,5,13,0,Regular Customers
12445,22,1,77.4,4,1,1,6,0,Regular Customers
12446,57,1,1002.3100000000001,3,1,4,8,0,Regular Customers
12447,243,1,431.49,1,1,2,4,1,At-Risk / Inactive
12448,44,1,365.45,3,1,2,6,0,Regular Customers
12449,22,4,3596.29,4,4,5,13,0,Regular Customers
12450,156,2,197.88,2,2,1,5,1,At-Risk / Inactive
12451,10,5,8995.52,5,4,5,14,0,Regular Customers
12452,16,1,348.57,4,1,2,7,0,Regular Customers
12453,134,1,707.09,2,1,3,6,0,Regular Customers
12454,56,1,3528.34,3,1,5,9,0,Regular Customers
12455,73,5,2339.86,2,4,5,11,0,Regular Customers
12456,44,3,2581.04,3,3,5,11,0,Regular Customers
12457,66,6,2043.23,3,5,5,13,0,Regular Customers
12458,71,2,787.4,3,2,3,8,0,Regular Customers
12461,154,1,626.88,2,1,3,6,1,At-Risk / Inactive
12462,18,2,937.59,4,2,4,10,0,Regular Customers
12463,53,4,1200.78,3,4,4,11,0,Regular Customers
12464,10,8,957.05,5,5,4,14,0,Regular Customers
12465,17,2,682.19,4,2,3,9,0,Regular Customers
12468,187,2,657.5400000000001,1,2,3,6,1,At-Risk / Inactive
12471,2,27,17388.65,5,5,5,15,3,High-Value Customers
12472,32,7,6068.11,4,5,5,14,0,Regular Customers
12473,53,3,2585.73,3,3,5,11,0,Regular Customers
12474,17,18,6694.09,4,5,5,14,3,High-Value Customers
12475,53,1,669.38,3,1,3,7,0,Regular Customers
12476,15,11,5898.42,4,5,5,14,0,Regular Customers
12477,22,6,13219.74,4,5,5,14,0,Regular Customers
12478,3,1,545.99,5,1,3,9,0,Regular Customers
12479,11,1,473.2,5,1,2,8,0,Regular Customers
12480,28,4,2885.63,4,4,5,13,0,Regular Customers
12481,22,10,5003.82,4,5,5,14,0,Regular Customers
12483,17,8,1910.98,4,5,4,13,0,Regular Customers
12484,35,4,3939.32,3,4,5,12,0,Regular Customers
12488,9,3,1244.66,5,3,4,12,0,Regular Customers
12489,336,1,298.93,1,1,2,4,1,At-Risk / Inactive
12490,5,10,4859.93,5,5,5,15,0,Regular Customers
12491,38,1,424.40000000000003,3,1,2,6,0,Regular Customers
12492,63,2,227.21,3,2,1,6,0,Regular Customers
12493,165,2,379.74,2,2,2,6,1,At-Risk / Inactive
12494,15,7,1084.1,4,5,4,13,0,Regular Customers
12497,81,1,953.1,2,1,4,7,0,Regular Customers
12498,21,3,349.70000000000005,4,3,2,9,0,Regular Customers
12500,23,11,4059.8199999999997,4,5,5,14,0,Regular Customers
12501,336,1,2025.39,1,1,4,6,1,At-Risk / Inactive
12502,95,5,2995.87,2,4,5,11,0,Regular Customers
12504,18,2,428.04999999999995,4,2,2,8,0,Regular Customers
12506,232,1,73.5,1,1,1,3,1,At-Risk / Inactive
12507,134,3,1052.81,2,3,4,9,0,Regular Customers
12508,26,2,397.88,4,2,2,8,0,Regular Customers
12509,284,1,158.5,1,1,1,3,1,At-Risk / Inactive
12510,142,2,814.5699999999999,2,2,3,7,0,Regular Customers
12512,66,2,132.18,3,2,1,6,0,Regular Customers
12513,112,1,558.29,2,1,3,6,0,Regular Customers
12514,267,1,1017.6800000000001,1,1,4,6,1,At-Risk / Inactive
12515,353,1,278.7,1,1,2,4,1,At-Risk / Inactive
12516,77,2,1186.06,2,2,4,8,0,Regular Customers
12517,28,4,2301.6,4,4,5,13,0,Regular Customers
12518,0,5,1840.89,5,4,4,13,0,Regular Customers
12519,63,1,276.84000000000003,3,1,2,6,0,Regular Customers
12520,79,5,2346.26,2,4,5,11,0,Regular Customers
12521,142,1,545.68,2,1,3,6,0,Regular Customers
12522,39,2,156.72,3,2,1,6,0,Regular Customers
12523,19,11,1699.77,4,5,4,13,0,Regular Customers
12524,9,8,3945.7200000000003,5,5,5,15,0,Regular Customers
12526,0,3,1172.66,5,3,4,12,0,Regular Customers
12527,81,3,330.71000000000004,2,3,2,7,0,Regular Customers
12528,9,6,1645.48,5,5,4,14,0,Regular Customers
12530,59,4,1500.28,3,4,4,11,0,Regular Customers
12531,14,1,125.22,5,1,1,7,0,Regular Customers
12532,30,1,313.83000000000004,4,1,2,7,0,Regular Customers
12534,130,1,981.18,2,1,4,7,0,Regular Customers
12535,91,2,716.35,2,2,3,7,0,Regular Customers
12536,59,1,4279.71,3,1,5,9,0,Regular Customers
12538,29,1,363.95,4,1,2,7,0,Regular Customers
12539,22,4,5568.35,4,4,5,13,0,Regular Customers
12540,19,17,11580.24,4,5,5,14,3,High-Value Customers
12541,29,3,841.18,4,3,3,10,0,Regular Customers
12544,36,1,316.7,3,1,2,6,0,Regular Customers
12545,75,2,832.39,2,2,3,7,0,Regular Customers
12546,46,2,1021.5,3,2,4,9,0,Regular Customers
12547,197,2,151.8,1,2,1,4,1,At-Risk / Inactive
12548,166,1,67.19999999999999,2,1,1,4,1,At-Risk / Inactive
12550,79,1,824.83,2,1,3,6,0,Regular Customers
12551,357,1,168.0,1,1,1,3,1,At-Risk / Inactive
12552,39,1,317.82,3,1,2,6,0,Regular Customers
12553,8,10,3278.28,5,5,5,15,0,Regular Customers
12556,50,2,599.56,3,2,3,8,0,Regular Customers
12557,16,5,11990.960000000001,4,4,5,13,0,Regular Customers
12558,7,1,269.96,5,1,2,8,0,Regular Customers
12559,310,2,525.71,1,2,3,6,1,At-Risk / Inactive
12560,5,2,1918.01,5,2,4,11,0,Regular Customers
12561,302,1,238.85,1,1,1,3,1,At-Risk / Inactive
12562,8,7,3385.7400000000002,5,5,5,15,0,Regular Customers
12564,261,1,402.90000000000003,1,1,2,4,1,At-Risk / Inactive
12565,288,1,145.92000000000002,1,1,1,3,1,At-Risk / Inactive
12566,86,1,297.65,2,1,2,5,0,Regular Customers
12567,22,10,8609.28,4,5,5,14,0,Regular Customers
12569,2,32,3152.69,5,5,5,15,3,High-Value Customers
12571,39,2,519.61,3,2,3,8,0,Regular Customers
12572,8,2,912.4200000000001,5,2,3,10,0,Regular Customers
12573,227,1,160.54000000000002,1,1,1,3,1,At-Risk / Inactive
12574,315,1,182.45000000000002,1,1,1,3,1,At-Risk / Inactive
12576,35,5,1315.83,3,4,4,11,0,Regular Customers
12577,35,3,622.65,3,3,3,9,0,Regular Customers
12578,21,2,2402.51,4,2,5,11,0,Regular Customers
12579,78,1,386.42,2,1,2,5,0,Regular Customers
12580,246,1,379.7,1,1,2,4,1,At-Risk / Inactive
12581,39,1,179.71,3,1,1,5,0,Regular Customers
12582,238,2,351.36,1,2,2,5,1,At-Risk / Inactive
12583,2,15,6705.38,5,5,5,15,3,High-Value Customers
12584,3,9,2254.15,5,5,5,15,0,Regular Customers
12585,234,2,1824.1,1,2,4,7,1,At-Risk / Inactive
12586,17,1,196.94000000000003,4,1,1,6,0,Regular Customers
12587,7,1,104.0,5,1,1,7,0,Regular Customers
12588,39,1,174.89999999999998,3,1,1,5,0,Regular Customers
12589,28,2,574.68,4,2,3,9,0,Regular Customers
12590,211,1,9341.26,1,1,5,7,1,At-Risk / Inactive
12591,317,1,368.85,1,1,2,4,1,At-Risk / Inactive
12592,92,2,401.6,2,2,2,6,0,Regular Customers
12593,108,3,382.1,2,3,2,7,0,Regular Customers
12594,37,9,3208.2200000000003,3,5,5,13,0,Regular Customers
12596,51,2,450.27,3,2,2,7,0,Regular Customers
12597,19,4,3195.22,4,4,5,13,0,Regular Customers
12598,9,7,2807.08,5,5,5,15,0,Regular Customers
12599,29,7,888.58,4,5,3,12,0,Regular Customers
12600,28,10,2311.04,4,5,5,14,0,Regular Customers
12601,189,5,487.06,1,4,3,8,1,At-Risk / Inactive
12602,58,1,153.12,3,1,1,5,0,Regular Customers
12603,21,1,613.1999999999999,4,1,3,8,0,Regular Customers
12604,79,2,236.18,2,2,1,5,0,Regular Customers
12607,60,1,1579.51,3,1,4,8,0,Regular Customers
12609,78,3,964.85,2,3,4,9,0,Regular Customers
12610,22,4,1747.54,4,4,4,12,0,Regular Customers
12611,52,1,1193.32,3,1,4,8,0,Regular Customers
12612,74,1,668.04,2,1,3,6,0,Regular Customers
12613,57,4,3092.38,3,4,5,12,0,Regular Customers
12614,277,1,315.6,1,1,2,4,1,At-Risk / Inactive
12615,2,4,2093.19,5,4,5,14,0,Regular Customers
12616,95,2,641.3,2,2,3,7,0,Regular Customers
12617,29,1,352.98,4,1,2,7,0,Regular Customers
12618,21,1,137.31,4,1,1,6,0,Regular Customers
12619,16,8,2945.56,4,5,5,14,0,Regular Customers
12620,14,3,1303.41,5,3,4,12,0,Regular Customers
12621,1,20,12411.67,5,5,5,15,3,High-Value Customers
12622,232,1,162.1,1,1,1,3,1,At-Risk / Inactive
12623,276,1,269.1,1,1,2,4,1,At-Risk / Inactive
12624,106,2,569.13,2,2,3,7,0,Regular Customers
12625,211,2,2413.82,1,2,5,8,1,At-Risk / Inactive
12626,23,9,5954.4800000000005,4,5,5,14,0,Regular Customers
12627,10,6,4082.53,5,5,5,15,0,Regular Customers
12628,4,3,732.46,5,3,3,11,0,Regular Customers
12630,9,2,1030.88,5,2,4,11,0,Regular Customers
12631,57,1,480.5,3,1,2,6,0,Regular Customers
12633,58,4,1929.98,3,4,4,11,0,Regular Customers
12635,89,2,1509.18,2,2,4,8,0,Regular Customers
12637,67,8,5804.9,3,5,5,13,0,Regular Customers
12638,33,1,511.69,3,1,3,7,0,Regular Customers
12639,238,1,366.1,1,1,2,4,1,At-Risk / Inactive
12640,23,3,994.58,4,3,4,11,0,Regular Customers
12641,115,1,145.9,2,1,1,4,0,Regular Customers
12642,25,3,905.26,4,3,3,10,0,Regular Customers
12643,128,6,3041.64,2,5,5,12,0,Regular Customers
12644,129,1,477.90999999999997,2,1,2,5,0,Regular Customers
12645,33,4,1631.18,3,4,4,11,0,Regular Customers
12646,4,2,1346.97,5,2,4,11,0,Regular Customers
12647,22,12,3146.82,4,5,5,14,0,Regular Customers
12648,154,1,300.05,2,1,2,5,1,At-Risk / Inactive
12649,107,3,569.51,2,3,3,8,0,Regular Customers
12650,3,1,242.44,5,1,1,7,0,Regular Customers
12651,334,1,114.0,1,1,1,3,1,At-Risk / Inactive
12652,331,1,793.98,1,1,3,5,1,At-Risk / Inactive
12653,148,2,2209.85,2,2,5,9,1,At-Risk / Inactive
12654,10,5,529.98,5,4,3,12,0,Regular Customers
12656,17,5,3619.17,4,4,5,13,0,Regular Customers
12657,11,4,1427.18,5,4,4,13,0,Regular Customers
12658,18,1,632.05,4,1,3,8,0,Regular Customers
12659,29,1,73.67999999999999,4,1,1,6,0,Regular Customers
12660,11,1,227.10000000000002,5,1,1,7,0,Regular Customers
12662,0,11,3543.78,5,5,5,15,0,Regular Customers
12664,8,9,4391.88,5,5,5,15,0,Regular Customers
12665,324,1,45.0,1,1,1,3,1,At-Risk / Inactive
12667,58,1,460.13,3,1,2,6,0,Regular Customers
12668,11,4,3177.15,5,4,5,14,0,Regular Customers
12669,150,2,1427.73,2,2,4,8,1,At-Risk / Inactive
12670,10,5,2744.05,5,4,5,14,0,Regular Customers
12672,329,1,225.9,1,1,1,3,1,At-Risk / Inactive
12673,5,2,574.52,5,2,3,10,0,Regular Customers
12674,38,4,1844.6,3,4,4,11,0,Regular Customers
12676,24,6,1091.39,4,5,4,13,0,Regular Customers
12678,42,9,16331.46,3,5,5,13,3,High-Value Customers
12679,58,4,951.02,3,4,4,11,0,Regular Customers
12680,0,4,790.81,5,4,3,12,0,Regular Customers
12681,14,22,12365.54,5,5,5,15,3,High-Value Customers
12682,3,31,11019.82,5,5,5,15,3,High-Value Customers
12683,4,14,7612.57,5,5,5,15,3,High-Value Customers
12684,7,6,2073.63,5,5,5,15,0,Regular Customers
12685,28,6,2575.08,4,5,5,14,0,Regular Customers
12686,371,1,71.14,1,1,1,3,1,At-Risk / Inactive
12688,113,1,4863.81,2,1,5,8,0,Regular Customers
12689,25,2,1139.6100000000001,4,2,4,10,0,Regular Customers
12690,205,1,335.01,1,1,2,4,1,At-Risk / Inactive
12691,28,5,927.8,4,4,4,12,0,Regular Customers
12693,127,4,711.91,2,4,3,9,0,Regular Customers
12694,70,2,761.67,3,2,3,8,0,Regular Customers
12695,7,4,582.1,5,4,3,12,0,Regular Customers
12697,28,3,757.59,4,3,3,10,0,Regular Customers
12700,7,4,4525.99,5,4,5,14,0,Regular Customers
12701,79,2,725.71,2,2,3,7,0,Regular Customers
12702,19,1,201.0,4,1,1,6,0,Regular Customers
12703,71,1,265.55,3,1,2,6,0,Regular Customers
12704,7,8,1740.84,5,5,4,14,0,Regular Customers
12705,15,8,6382.29,4,5,5,14,0,Regular Customers
12707,291,1,603.42,1,1,3,5,1,At-Risk / Inactive
12708,29,10,2442.91,4,5,5,14,0,Regular Customers
12709,15,15,9400.52,4,5,5,14,3,High-Value Customers
12710,96,3,1023.02,2,3,4,9,0,Regular Customers
12712,28,13,3928.13,4,5,5,14,0,Regular Customers
12713,0,1,794.55,5,1,3,9,0,Regular Customers
12714,9,5,4294.86,5,4,5,14,0,Regular Customers
12715,106,1,263.36,2,1,2,5,0,Regular Customers
12716,3,2,963.49,5,2,4,11,0,Regular Customers
12717,151,2,830.98,2,2,3,7,1,At-Risk / Inactive
12718,71,1,202.25,3,1,1,5,0,Regular Customers
12719,5,2,572.95,5,2,3,10,0,Regular Customers
12720,2,25,5115.73,5,5,5,15,3,High-Value Customers
12721,31,6,2386.13,4,5,5,14,0,Regular Customers
12722,85,4,979.63,2,4,4,10,0,Regular Customers
12723,3,5,707.07,5,4,3,12,0,Regular Customers
12724,5,4,923.41,5,4,4,13,0,Regular Customers
12725,371,1,371.8,1,1,2,4,1,At-Risk / Inactive
12726,28,7,2411.1,4,5,5,14,0,Regular Customers
12727,10,7,3440.7000000000003,5,5,5,15,0,Regular Customers
12728,71,4,728.33,3,4,3,10,0,Regular Customers
12729,113,1,417.01,2,1,2,5,0,Regular Customers
12731,23,12,18751.91,4,5,5,14,3,High-Value Customers
12732,179,1,218.26000000000002,2,1,1,4,1,At-Risk / Inactive
12733,234,1,383.95,1,1,2,4,1,At-Risk / Inactive
12734,352,1,110.39999999999999,1,1,1,3,1,At-Risk / Inactive
12735,315,2,689.5699999999999,1,2,3,6,1,At-Risk / Inactive
12736,332,1,144.0,1,1,1,3,1,At-Risk / Inactive
12738,372,1,137.35,1,1,1,3,1,At-Risk / Inactive
12739,99,1,975.54,2,1,4,7,0,Regular Customers
12740,63,1,427.6,3,1,2,6,0,Regular Customers
12743,134,2,540.13,2,2,3,7,0,Regular Customers
12744,56,4,9120.39,3,4,5,12,0,Regular Customers
12747,2,11,4196.01,5,5,5,15,0,Regular Customers
12748,0,206,31650.78,5,5,5,15,2,VIP Customers
12749,3,5,4040.88,5,4,5,14,0,Regular Customers
12750,128,1,275.88,2,1,2,5,0,Regular Customers
12752,81,1,4366.78,2,1,5,8,0,Regular Customers
12753,22,6,21429.39,4,5,5,14,0,Regular Customers
12754,235,3,3010.74,1,3,5,9,1,At-Risk / Inactive
12755,280,2,3811.9500000000003,1,2,5,8,1,At-Risk / Inactive
12756,86,1,112.08,2,1,1,4,0,Regular Customers
12757,15,9,4176.75,4,5,5,14,0,Regular Customers
12758,116,2,2791.59,2,2,5,9,0,Regular Customers
12759,52,3,1411.44,3,3,4,10,0,Regular Customers
12762,7,2,1702.52,5,2,4,11,0,Regular Customers
12763,138,2,494.08,2,2,3,7,0,Regular Customers
12764,316,1,1693.88,1,1,4,6,1,At-Risk / Inactive
12766,3,7,6457.63,5,5,5,15,0,Regular Customers
12769,238,1,1143.6,1,1,4,6,1,At-Risk / Inactive
12770,210,1,1351.45,1,1,4,6,1,At-Risk / Inactive
12772,59,1,752.47,3,1,3,7,0,Regular Customers
12775,17,5,1281.04,4,4,4,12,0,Regular Customers
12778,19,6,693.23,4,5,3,12,0,Regular Customers
12779,37,8,3981.36,3,5,5,13,0,Regular Customers
12781,63,2,786.74,3,2,3,8,0,Regular Customers
12782,4,5,1938.92,5,4,4,13,0,Regular Customers
12783,2,4,1295.8700000000001,5,4,4,13,0,Regular Customers
12784,15,1,476.82,4,1,2,7,0,Regular Customers
12785,364,1,255.95,1,1,2,4,1,At-Risk / Inactive
12787,9,3,418.66,5,3,2,10,0,Regular Customers
12789,65,1,76.85,3,1,1,5,0,Regular Customers
12790,192,1,294.92,1,1,2,4,1,At-Risk / Inactive
12791,373,1,177.60000000000002,1,1,1,3,1,At-Risk / Inactive
12792,256,1,344.54,1,1,2,4,1,At-Risk / Inactive
12793,334,2,461.48,1,2,2,5,1,At-Risk / Inactive
12794,53,2,860.41,3,2,3,8,0,Regular Customers
12795,18,1,318.48,4,1,2,7,0,Regular Customers
12797,365,1,226.03,1,1,1,3,1,At-Risk / Inactive
12798,10,3,6977.04,5,3,5,13,0,Regular Customers
12802,186,1,397.58,1,1,2,4,1,At-Risk / Inactive
12808,36,3,455.65000000000003,3,3,2,8,0,Regular Customers
12809,177,1,405.31,2,1,2,5,1,At-Risk / Inactive
12811,261,2,458.85,1,2,2,5,1,At-Risk / Inactive
12812,44,1,229.64000000000001,3,1,1,5,0,Regular Customers
12814,101,1,85.92,2,1,1,4,0,Regular Customers
12815,147,2,863.46,2,2,3,7,1,At-Risk / Inactive
12816,95,2,452.2,2,2,2,6,0,Regular Customers
12817,281,1,126.04,1,1,1,3,1,At-Risk / Inactive
12818,261,1,1182.0800000000002,1,1,4,6,1,At-Risk / Inactive
12820,3,4,942.34,5,4,4,13,0,Regular Customers
12821,214,1,92.72,1,1,1,3,1,At-Risk / Inactive
12822,70,2,948.88,3,2,4,9,0,Regular Customers
12823,74,5,1759.5,2,4,4,10,0,Regular Customers
12824,59,1,397.12,3,1,2,6,0,Regular Customers
12826,2,7,1474.72,5,5,4,14,0,Regular Customers
12827,5,3,430.15,5,3,2,10,0,Regular Customers
12828,2,6,1018.71,5,5,4,14,0,Regular Customers
12829,336,2,293.0,1,2,2,5,1,At-Risk / Inactive
12830,37,6,6814.64,3,5,5,13,0,Regular Customers
12831,262,1,215.05,1,1,1,3,1,At-Risk / Inactive
12832,32,2,383.03000000000003,4,2,2,8,0,Regular Customers
12833,145,1,417.38,2,1,2,5,1,At-Risk / Inactive
12834,282,1,312.38,1,1,2,4,1,At-Risk / Inactive
12836,59,4,2610.36,3,4,5,12,0,Regular Customers
12837,173,1,134.1,2,1,1,4,1,At-Risk / Inactive
12838,33,2,671.95,3,2,3,8,0,Regular Customers
12839,2,14,5591.42,5,5,5,15,3,High-Value Customers
12840,143,4,2726.77,2,4,5,11,0,Regular Customers
12841,4,25,3991.58,5,5,5,15,3,High-Value Customers
12842,70,2,1118.99,3,2,4,9,0,Regular Customers
12843,65,8,1702.26,3,5,4,12,0,Regular Customers
12844,29,2,325.96000000000004,4,2,2,8,0,Regular Customers
12845,267,4,354.09000000000003,1,4,2,7,1,At-Risk / Inactive
12847,22,1,843.64,4,1,3,8,0,Regular Customers
12849,31,2,992.65,4,2,4,10,0,Regular Customers
12851,96,1,131.81,2,1,1,4,0,Regular Customers
12852,294,1,311.55,1,1,2,4,1,At-Risk / Inactive
12853,134,6,1957.1000000000001,2,5,4,11,0,Regular Customers
12854,78,3,1316.25,2,3,4,9,0,Regular Customers
12855,372,1,38.1,1,1,1,3,1,At-Risk / Inactive
12856,7,6,2170.78,5,5,5,15,0,Regular Customers
12857,210,2,1106.4,1,2,4,7,1,At-Risk / Inactive
12863,52,1,521.2,3,1,3,7,0,Regular Customers
12864,138,1,147.12,2,1,1,4,0,Regular Customers
12865,26,2,1568.23,4,2,4,10,0,Regular Customers
12866,283,1,499.12,1,1,3,5,1,At-Risk / Inactive
12867,26,7,4009.34,4,5,5,14,0,Regular Customers
12868,185,6,1607.0600000000002,1,5,4,10,1,At-Risk / Inactive
12871,84,2,380.64,2,2,2,6,0,Regular Customers
12872,326,2,599.97,1,2,3,6,1,At-Risk / Inactive
12873,282,1,374.0,1,1,2,4,1,At-Risk / Inactive
12875,143,2,343.2300000000001,2,2,2,6,0,Regular Customers
12876,57,2,2053.02,3,2,5,10,0,Regular Customers
12877,3,12,1535.77,5,5,4,14,0,Regular Customers
12878,236,2,854.99,1,2,3,6,1,At-Risk / Inactive
12879,44,3,573.22,3,3,3,9,0,Regular Customers
12881,275,1,298.0,1,1,2,4,1,At-Risk / Inactive
12882,9,2,1463.04,5,2,4,11,0,Regular Customers
12883,24,4,703.47,4,4,3,11,0,Regular Customers
12884,88,1,309.05,2,1,2,5,0,Regular Customers
12885,63,3,1175.22,3,3,4,10,0,Regular Customers
12886,67,2,1378.4,3,2,4,9,0,Regular Customers
12888,214,2,354.12,1,2,2,5,1,At-Risk / Inactive
12890,24,1,376.71999999999997,4,1,2,7,0,Regular Customers
12891,185,3,331.0,1,3,2,6,1,At-Risk / Inactive
12893,30,1,176.55,4,1,1,6,0,Regular Customers
12895,42,2,372.8,3,2,2,7,0,Regular Customers
12897,204,2,216.5,1,2,1,4,1,At-Risk / Inactive
12901,8,28,17654.54,5,5,5,15,3,High-Value Customers
12902,264,1,138.68,1,1,1,3,1,At-Risk / Inactive
12904,18,2,496.06,4,2,3,9,0,Regular Customers
12906,11,5,2919.81,5,4,5,14,0,Regular Customers
12908,176,2,750.0,2,2,3,7,1,At-Risk / Inactive
12909,39,5,2178.67,3,4,5,12,0,Regular Customers
12910,23,8,3075.04,4,5,5,14,0,Regular Customers
12912,2,5,1662.3,5,4,4,13,0,Regular Customers
12913,4,5,2483.63,5,4,5,14,0,Regular Customers
12915,148,2,363.65,2,2,2,6,1,At-Risk / Inactive
12916,138,4,2944.95,2,4,5,11,0,Regular Customers
12917,128,1,594.0,2,1,3,6,0,Regular Customers
12919,8,6,1335.19,5,5,4,14,0,Regular Customers
12920,17,1,162.78,4,1,1,6,0,Regular Customers
12921,9,37,16587.09,5,5,5,15,3,High-Value Customers
12922,161,1,405.38,2,1,2,5,1,At-Risk / Inactive
12923,64,1,171.57,3,1,1,5,0,Regular Customers
12924,88,4,925.75,2,4,4,10,0,Regular Customers
12925,4,2,694.05,5,2,3,10,0,Regular Customers
12928,35,5,2062.7,3,4,5,12,0,Regular Customers
12929,311,1,117.85,1,1,1,3,1,At-Risk / Inactive
12930,78,2,415.8,2,2,2,6,0,Regular Customers
12931,21,15,42055.96,4,5,5,14,3,High-Value Customers
12933,24,3,607.53,4,3,3,10,0,Regular Customers
12935,2,7,2160.7,5,5,5,15,0,Regular Customers
12936,17,4,1063.9,4,4,4,12,0,Regular Customers
12937,15,4,1504.27,4,4,4,12,0,Regular Customers
12938,25,1,114.14,4,1,1,6,0,Regular Customers
12939,64,8,11581.8,3,5,5,13,0,Regular Customers
12940,54,2,899.69,3,2,3,8,0,Regular Customers
12942,131,3,675.6,2,3,3,8,0,Regular Customers
12944,35,2,604.51,3,2,3,8,0,Regular Customers
12945,288,1,462.95,1,1,2,4,1,At-Risk / Inactive
12947,143,6,1603.99,2,5,4,11,0,Regular Customers
12948,16,7,2064.95,4,5,5,14,0,Regular Customers
12949,30,8,4167.22,4,5,5,14,0,Regular Customers
12950,2,3,1843.0,5,3,4,12,0,Regular Customers
12951,8,6,1064.07,5,5,4,14,0,Regular Customers
12952,5,4,1387.79,5,4,4,13,0,Regular Customers
12953,9,1,329.85,5,1,2,8,0,Regular Customers
12955,1,11,4757.16,5,5,5,15,0,Regular Customers
12956,306,1,108.07,1,1,1,3,1,At-Risk / Inactive
12957,9,8,4017.54,5,5,5,15,0,Regular Customers
12962,7,2,266.39,5,2,2,9,0,Regular Customers
12963,8,8,1856.63,5,5,4,14,0,Regular Customers
12965,89,1,769.8100000000001,2,1,3,6,0,Regular Customers
12966,9,1,160.18,5,1,1,7,0,Regular Customers
12967,358,2,1660.9,1,2,4,7,1,At-Risk / Inactive
12968,112,1,135.95,2,1,1,4,0,Regular Customers
12970,7,4,405.47,5,4,2,11,0,Regular Customers
12971,3,86,11189.91,5,5,5,15,3,High-Value Customers
12974,197,1,144.8,1,1,1,3,1,At-Risk / Inactive
12976,211,1,738.6,1,1,3,5,1,At-Risk / Inactive
12977,156,1,39.239999999999995,2,1,1,4,1,At-Risk / Inactive
12980,157,9,7374.900000000001,2,5,5,12,0,Regular Customers
12981,29,2,372.21999999999997,4,2,2,8,0,Regular Customers
12982,242,1,390.54,1,1,2,4,1,At-Risk / Inactive
12984,18,1,97.5,4,1,1,6,0,Regular Customers
12985,0,2,1239.38,5,2,4,11,0,Regular Customers
12987,73,2,558.7,2,2,3,7,0,Regular Customers
12988,292,1,505.82,1,1,3,5,1,At-Risk / Inactive
12989,3,15,6924.11,5,5,5,15,3,High-Value Customers
12990,31,3,409.5,4,3,2,9,0,Regular Customers
12991,23,2,503.76,4,2,3,9,0,Regular Customers
12993,23,4,414.76,4,4,2,10,0,Regular Customers
12994,4,3,974.42,5,3,4,12,0,Regular Customers
12995,85,1,211.32,2,1,1,4,0,Regular Customers
12997,22,4,1226.89,4,4,4,12,0,Regular Customers
12999,196,3,455.88,1,3,2,6,1,At-Risk / Inactive
13000,106,3,534.85,2,3,3,8,0,Regular Customers
13001,4,13,9785.970000000001,5,5,5,15,3,High-Value Customers
13002,318,1,120.95,1,1,1,3,1,At-Risk / Inactive
13003,105,3,149.05,2,3,1,6,0,Regular Customers
13004,11,18,5655.91,5,5,5,15,3,High-Value Customers
13005,173,2,513.7,2,2,3,7,1,At-Risk / Inactive
13006,56,1,81.57,3,1,1,5,0,Regular Customers
13008,323,1,229.47,1,1,1,3,1,At-Risk / Inactive
13011,372,1,50.550000000000004,1,1,1,3,1,At-Risk / Inactive
13012,9,8,1646.8400000000001,5,5,4,14,0,Regular Customers
13013,1,13,4810.9400000000005,5,5,5,15,0,Regular Customers
13014,10,10,3466.28,5,5,5,15,0,Regular Customers
13015,53,5,3339.64,3,4,5,12,0,Regular Customers
13016,73,3,789.89,2,3,3,8,0,Regular Customers
13017,7,1,204.0,5,1,1,7,0,Regular Customers
13018,16,28,7277.7,4,5,5,14,3,High-Value Customers
13021,4,9,2616.38,5,5,5,15,0,Regular Customers
13023,64,2,599.9,3,2,3,8,0,Regular Customers
13026,1,5,975.36,5,4,4,13,0,Regular Customers
13027,113,6,6912.0,2,5,5,12,0,Regular Customers
13028,22,2,661.3199999999999,4,2,3,9,0,Regular Customers
13029,30,3,1247.5,4,3,4,11,0,Regular Customers
13030,11,2,752.44,5,2,3,10,0,Regular Customers
13032,52,2,1010.1800000000001,3,2,4,9,0,Regular Customers
13033,357,1,190.55,1,1,1,3,1,At-Risk / Inactive
13034,54,2,642.77,3,2,3,8,0,Regular Customers
13035,73,2,921.88,2,2,3,7,0,Regular Customers
13037,138,3,881.07,2,3,3,8,0,Regular Customers
13038,80,3,908.46,2,3,3,8,0,Regular Customers
13040,8,2,676.99,5,2,3,10,0,Regular Customers
13043,273,1,516.42,1,1,3,5,1,At-Risk / Inactive
13044,291,1,560.47,1,1,3,5,1,At-Risk / Inactive
13045,99,1,305.28000000000003,2,1,2,5,0,Regular Customers
13046,30,2,619.31,4,2,3,9,0,Regular Customers
13047,56,9,3232.59,3,5,5,13,0,Regular Customers
13048,14,4,1819.41,5,4,4,13,0,Regular Customers
13049,64,2,656.6800000000001,3,2,3,8,0,Regular Customers
13050,14,17,5833.11,5,5,5,15,3,High-Value Customers
13052,212,1,348.15000000000003,1,1,2,4,1,At-Risk / Inactive
13055,78,3,1214.41,2,3,4,9,0,Regular Customers
13058,24,3,271.40000000000003,4,3,2,9,0,Regular Customers
13059,249,1,183.4,1,1,1,3,1,At-Risk / Inactive
13060,253,1,307.53000000000003,1,1,2,4,1,At-Risk / Inactive
13061,72,1,248.61,2,1,2,5,0,Regular Customers
13062,191,1,346.98,1,1,2,4,1,At-Risk / Inactive
13064,12,4,1105.59,5,4,4,13,0,Regular Customers
13065,373,1,205.86,1,1,1,3,1,At-Risk / Inactive
13066,24,2,470.8,4,2,2,8,0,Regular Customers
13067,82,1,115.46000000000001,2,1,1,4,0,Regular Customers
13068,10,2,344.0,5,2,2,9,0,Regular Customers
13069,0,24,4431.44,5,5,5,15,3,High-Value Customers
13070,192,1,228.8,1,1,1,3,1,At-Risk / Inactive
13072,266,1,177.15,1,1,1,3,1,At-Risk / Inactive
13075,129,1,919.61,2,1,3,6,0,Regular Customers
13077,1,4,728.02,5,4,3,12,0,Regular Customers
13078,3,26,12627.94,5,5,5,15,3,High-Value Customers
13079,4,5,220.10000000000002,5,4,1,10,0,Regular Customers
13080,179,1,58.08,2,1,1,4,1,At-Risk / Inactive
13081,11,11,28337.38,5,5,5,15,3,High-Value Customers
13082,126,9,3613.63,2,5,5,12,0,Regular Customers
13083,4,2,303.75,5,2,2,9,0,Regular Customers
13085,157,2,416.08,2,2,2,6,1,At-Risk / Inactive
13089,2,97,58762.08,5,5,5,15,2,VIP Customers
13090,8,13,8895.82,5,5,5,15,3,High-Value Customers
13091,28,1,345.82,4,1,2,7,0,Regular Customers
13092,70,5,477.83,3,4,2,9,0,Regular Customers
13093,275,8,7832.47,1,5,5,11,1,At-Risk / Inactive
13094,21,12,1927.3200000000002,4,5,4,13,0,Regular Customers
13095,70,1,74.39999999999999,3,1,1,5,0,Regular Customers
13097,32,10,6003.22,4,5,5,14,0,Regular Customers
13098,1,28,28882.44,5,5,5,15,3,High-Value Customers
13099,99,1,207.36,2,1,1,4,0,Regular Customers
13101,234,1,101.19,1,1,1,3,1,At-Risk / Inactive
13102,1,24,6424.09,5,5,5,15,3,High-Value Customers
13103,39,1,243.94,3,1,1,5,0,Regular Customers
13104,3,6,1098.48,5,5,4,14,0,Regular Customers
13106,133,1,76.5,2,1,1,4,0,Regular Customers
13107,44,4,1531.6200000000001,3,4,4,11,0,Regular Customers
13108,372,1,350.06,1,1,2,4,1,At-Risk / Inactive
13109,59,2,786.54,3,2,3,8,0,Regular Customers
13110,31,7,1488.67,4,5,4,13,0,Regular Customers
13113,0,24,12245.960000000001,5,5,5,15,3,High-Value Customers
13115,11,4,2294.78,5,4,5,14,0,Regular Customers
13116,138,1,501.14,2,1,3,6,0,Regular Customers
13117,21,8,984.91,4,5,4,13,0,Regular Customers
13118,19,5,1197.81,4,4,4,12,0,Regular Customers
13120,238,1,30.6,1,1,1,3,1,At-Risk / Inactive
13121,269,1,283.73,1,1,2,4,1,At-Risk / Inactive
13122,94,2,922.39,2,2,4,8,0,Regular Customers
13124,89,3,3756.33,2,3,5,10,0,Regular Customers
13126,4,8,2099.64,5,5,5,15,0,Regular Customers
13127,77,1,259.17,2,1,2,5,0,Regular Customers
13130,94,1,64.0,2,1,1,4,0,Regular Customers
13131,23,3,1073.3,4,3,4,11,0,Regular Customers
13132,261,1,77.3,1,1,1,3,1,At-Risk / Inactive
13133,273,2,109.8,1,2,1,4,1,At-Risk / Inactive
13134,85,4,1793.58,2,4,4,10,0,Regular Customers
13135,196,1,3096.0,1,1,5,7,1,At-Risk / Inactive
13136,56,5,2607.61,3,4,5,12,0,Regular Customers
13137,10,8,3603.29,5,5,5,15,0,Regular Customers
13138,22,6,962.39,4,5,4,13,0,Regular Customers
13139,16,7,5064.9400000000005,4,5,5,14,0,Regular Customers
13140,108,3,422.47,2,3,2,7,0,Regular Customers
13141,84,5,2388.75,2,4,5,11,0,Regular Customers
13142,19,1,307.09000000000003,4,1,2,7,0,Regular Customers
13144,332,1,110.95,1,1,1,3,1,At-Risk / Inactive
13145,39,4,618.52,3,4,3,10,0,Regular Customers
13146,26,1,228.91,4,1,1,6,0,Regular Customers
13147,10,4,712.8,5,4,3,12,0,Regular Customers
13148,29,12,3683.26,4,5,5,14,0,Regular Customers
13149,14,4,1676.06,5,4,4,13,0,Regular Customers
13151,295,1,1257.8700000000001,1,1,4,6,1,At-Risk / Inactive
13153,5,1,486.22,5,1,3,9,0,Regular Customers
13155,33,4,971.76,3,4,4,11,0,Regular Customers
13157,49,4,1741.22,3,4,4,11,0,Regular Customers
13158,94,4,1201.06,2,4,4,10,0,Regular Customers
13159,8,4,1429.35,5,4,4,13,0,Regular Customers
13160,22,1,91.8,4,1,1,6,0,Regular Customers
13161,313,1,112.75,1,1,1,3,1,At-Risk / Inactive
13162,122,4,1679.89,2,4,4,10,0,Regular Customers
13165,46,2,1021.48,3,2,4,9,0,Regular Customers
13166,283,1,417.2,1,1,2,4,1,At-Risk / Inactive
13167,18,4,779.33,4,4,3,11,0,Regular Customers
13168,36,4,1299.59,3,4,4,11,0,Regular Customers
13169,63,2,712.88,3,2,3,8,0,Regular Customers
13170,26,1,108.81,4,1,1,6,0,Regular Customers
13171,21,3,468.41,4,3,2,9,0,Regular Customers
13173,4,2,353.65000000000003,5,2,2,9,0,Regular Customers
13174,16,3,2738.82,4,3,5,12,0,Regular Customers
13176,46,1,481.49,3,1,2,6,0,Regular Customers
13177,64,1,282.45,3,1,2,6,0,Regular Customers
13178,26,11,5725.47,4,5,5,14,0,Regular Customers
13182,45,1,121.18,3,1,1,5,0,Regular Customers
13183,7,9,3957.78,5,5,5,15,0,Regular Customers
13184,14,10,1667.95,5,5,4,14,0,Regular Customers
13185,267,1,71.4,1,1,1,3,1,At-Risk / Inactive
13186,39,3,1575.89,3,3,4,10,0,Regular Customers
13187,337,1,236.02,1,1,1,3,1,At-Risk / Inactive
13188,11,1,114.6,5,1,1,7,0,Regular Customers
13189,18,2,260.68,4,2,2,8,0,Regular Customers
13192,95,2,911.94,2,2,3,7,0,Regular Customers
13193,61,1,112.08,3,1,1,5,0,Regular Customers
13194,135,1,60.7,2,1,1,4,0,Regular Customers
13196,11,4,1797.78,5,4,4,13,0,Regular Customers
13198,10,6,3401.2400000000002,5,5,5,15,0,Regular Customers
13199,3,37,9802.12,5,5,5,15,3,High-Value Customers
13200,19,4,870.09,4,4,3,11,0,Regular Customers
13203,9,4,869.46,5,4,3,12,0,Regular Customers
13207,15,2,250.26000000000002,4,2,2,8,0,Regular Customers
13208,59,5,1193.17,3,4,4,11,0,Regular Customers
13209,30,8,5891.61,4,5,5,14,0,Regular Customers
13210,93,1,353.48,2,1,2,5,0,Regular Customers
13211,10,3,1095.42,5,3,4,12,0,Regular Customers
13212,19,3,786.83,4,3,3,10,0,Regular Customers
13213,56,5,1520.58,3,4,4,11,0,Regular Customers
13216,267,1,333.74,1,1,2,4,1,At-Risk / Inactive
13217,122,3,533.98,2,3,3,8,0,Regular Customers
13218,127,1,62.64,2,1,1,4,0,Regular Customers
13220,78,4,819.2900000000001,2,4,3,9,0,Regular Customers
13221,240,2,844.86,1,2,3,6,1,At-Risk / Inactive
13223,200,2,163.2,1,2,1,4,1,At-Risk / Inactive
13224,60,2,2152.95,3,2,5,10,0,Regular Customers
13225,3,7,6463.84,5,5,5,15,0,Regular Customers
13226,273,1,108.21000000000001,1,1,1,3,1,At-Risk / Inactive
13227,201,1,257.7,1,1,2,4,1,At-Risk / Inactive
13228,81,1,358.0,2,1,2,5,0,Regular Customers
13229,225,1,160.95,1,1,1,3,1,At-Risk / Inactive
13230,4,14,2755.63,5,5,5,15,0,Regular Customers
13232,12,7,1327.75,5,5,4,14,0,Regular Customers
13233,74,2,605.12,2,2,3,7,0,Regular Customers
13235,212,1,1031.07,1,1,4,6,1,At-Risk / Inactive
13236,24,2,744.85,4,2,3,9,0,Regular Customers
13238,17,4,700.73,4,4,3,11,0,Regular Customers
13239,261,1,329.56,1,1,2,4,1,At-Risk / Inactive
13240,96,4,648.7,2,4,3,9,0,Regular Customers
13242,112,3,270.40000000000003,2,3,2,7,0,Regular Customers
13243,203,1,585.12,1,1,3,5,1,At-Risk / Inactive
13244,92,1,121.74000000000001,2,1,1,4,0,Regular Customers
13245,50,1,430.5,3,1,2,6,0,Regular Customers
13246,18,6,1961.52,4,5,4,13,0,Regular Customers
13247,17,4,501.12,4,4,3,11,0,Regular Customers
13248,124,2,465.68,2,2,2,6,0,Regular Customers
13249,92,3,711.41,2,3,3,8,0,Regular Customers
13253,156,2,1030.4,2,2,4,8,1,At-Risk / Inactive
13255,9,2,399.51,5,2,2,9,0,Regular Customers
13258,11,3,672.83,5,3,3,11,0,Regular Customers
13259,61,1,283.18,3,1,2,6,0,Regular Customers
13260,61,1,557.62,3,1,3,7,0,Regular Customers
13261,268,2,944.1,1,2,4,7,1,At-Risk / Inactive
13262,263,1,200.29,1,1,1,3,1,At-Risk / Inactive
13263,1,34,7411.71,5,5,5,15,3,High-Value Customers
13265,53,5,2092.66,3,4,5,12,0,Regular Customers
13266,11,12,3834.2599999999998,5,5,5,15,0,Regular Customers
13267,2,19,4521.49,5,5,5,15,3,High-Value Customers
13268,17,10,3152.71,4,5,5,14,0,Regular Customers
13269,1,15,5343.28,5,5,5,15,3,High-Value Customers
13270,366,1,590.0,1,1,3,5,1,At-Risk / Inactive
13271,37,1,211.49,3,1,1,5,0,Regular Customers
13272,31,2,276.56,4,2,2,8,0,Regular Customers
13273,113,1,138.98,2,1,1,4,0,Regular Customers
13276,63,2,590.9300000000001,3,2,3,8,0,Regular Customers
13277,15,4,258.4,4,4,2,10,0,Regular Customers
13278,40,1,542.73,3,1,3,7,0,Regular Customers
13279,78,1,137.75,2,1,1,4,0,Regular Customers
13280,122,3,798.46,2,3,3,8,0,Regular Customers
13282,18,3,1132.14,4,3,4,11,0,Regular Customers
13283,59,2,93.66,3,2,1,6,0,Regular Customers
13284,330,1,201.19,1,1,1,3,1,At-Risk / Inactive
13285,23,4,2709.12,4,4,5,13,0,Regular Customers
13291,155,1,361.11,2,1,2,5,1,At-Risk / Inactive
13292,38,2,578.94,3,2,3,8,0,Regular Customers
13294,189,2,873.74,1,2,3,6,1,At-Risk / Inactive
13295,359,1,201.20000000000002,1,1,1,3,1,At-Risk / Inactive
13296,137,1,87.4,2,1,1,4,0,Regular Customers
13297,7,4,2089.85,5,4,5,14,0,Regular Customers
13298,1,1,360.0,5,1,2,8,0,Regular Customers
13299,268,1,142.5,1,1,1,3,1,At-Risk / Inactive
13300,169,1,371.89,2,1,2,5,1,At-Risk / Inactive
13301,103,4,600.1899999999999,2,4,3,9,0,Regular Customers
13302,155,1,63.75,2,1,1,4,1,At-Risk / Inactive
13304,351,1,300.42,1,1,2,4,1,At-Risk / Inactive
13305,4,10,2000.86,5,5,4,14,0,Regular Customers
13307,120,1,15.0,2,1,1,4,0,Regular Customers
13308,22,3,1385.51,4,3,4,11,0,Regular Customers
13309,7,5,1456.79,5,4,4,13,0,Regular Customers
13310,28,3,1132.03,4,3,4,11,0,Regular Customers
13311,4,2,598.57,5,2,3,10,0,Regular Customers
13313,22,5,1555.3200000000002,4,4,4,12,0,Regular Customers
13314,1,3,775.94,5,3,3,11,0,Regular Customers
13316,37,4,5732.93,3,4,5,12,0,Regular Customers
13317,66,6,2273.68,3,5,5,13,0,Regular Customers
13318,1,3,640.76,5,3,3,11,0,Regular Customers
13319,5,26,10845.550000000001,5,5,5,15,3,High-Value Customers
13320,78,4,1532.2,2,4,4,10,0,Regular Customers
13321,72,2,567.36,2,2,3,7,0,Regular Customers
13322,17,1,199.48000000000002,4,1,1,6,0,Regular Customers
13323,3,5,787.85,5,4,3,12,0,Regular Customers
13324,36,10,7121.95,3,5,5,13,0,Regular Customers
13325,81,1,675.3,2,1,3,6,0,Regular Customers
13327,38,8,3627.77,3,5,5,13,0,Regular Customers
13328,316,1,1308.48,1,1,4,6,1,At-Risk / Inactive
13329,31,2,789.0,4,2,3,9,0,Regular Customers
13330,92,3,1140.93,2,3,4,9,0,Regular Customers
13332,14,1,350.90000000000003,5,1,2,8,0,Regular Customers
13334,82,3,3502.32,2,3,5,10,0,Regular Customers
13336,77,1,795.12,2,1,3,6,0,Regular Customers
13338,157,1,437.02,2,1,2,5,1,At-Risk / Inactive
13339,200,1,860.12,1,1,3,5,1,At-Risk / Inactive
13340,45,7,10736.48,3,5,5,13,0,Regular Customers
13341,260,1,775.85,1,1,3,5,1,At-Risk / Inactive
13343,177,1,303.43,2,1,2,5,1,At-Risk / Inactive
13344,67,3,2511.69,3,3,5,11,0,Regular Customers
13345,287,1,339.5,1,1,2,4,1,At-Risk / Inactive
13347,70,1,291.36,3,1,2,6,0,Regular Customers
13348,64,1,233.76000000000002,3,1,1,5,0,Regular Customers
13349,10,1,197.32,5,1,1,7,0,Regular Customers
13350,16,2,879.12,4,2,3,9,0,Regular Customers
13351,66,1,323.94,3,1,2,6,0,Regular Customers
13352,60,1,347.98,3,1,2,6,0,Regular Customers
13354,71,1,743.53,3,1,3,7,0,Regular Customers
13355,122,1,674.7,2,1,3,6,0,Regular Customers
13356,80,1,768.24,2,1,3,6,0,Regular Customers
13357,257,1,609.4,1,1,3,5,1,At-Risk / Inactive
13358,268,1,389.03000000000003,1,1,2,4,1,At-Risk / Inactive
13359,63,1,389.56,3,1,2,6,0,Regular Customers
13362,9,4,3090.7400000000002,5,4,5,14,0,Regular Customers
13363,17,2,892.5,4,2,3,9,0,Regular Customers
13364,71,1,134.96,3,1,1,5,0,Regular Customers
13365,33,2,2225.37,3,2,5,10,0,Regular Customers
13366,50,1,56.16,3,1,1,5,0,Regular Customers
13368,256,2,573.4,1,2,3,6,1,At-Risk / Inactive
13369,365,1,258.28000000000003,1,1,2,4,1,At-Risk / Inactive
13370,371,1,754.87,1,1,3,5,1,At-Risk / Inactive
13372,89,1,328.64,2,1,2,5,0,Regular Customers
13373,60,3,3312.25,3,3,5,11,0,Regular Customers
13375,88,1,778.65,2,1,3,6,0,Regular Customers
13376,99,3,869.76,2,3,3,8,0,Regular Customers
13379,26,3,572.56,4,3,3,10,0,Regular Customers
13381,31,6,3639.31,4,5,5,14,0,Regular Customers
13382,280,1,222.99,1,1,1,3,1,At-Risk / Inactive
13384,30,7,4151.93,4,5,5,14,0,Regular Customers
13385,329,1,534.57,1,1,3,5,1,At-Risk / Inactive
13388,131,2,677.1,2,2,3,7,0,Regular Customers
13389,11,3,797.96,5,3,3,11,0,Regular Customers
13390,74,1,544.08,2,1,3,6,0,Regular Customers
13391,203,1,59.8,1,1,1,3,1,At-Risk / Inactive
13394,1,8,2520.02,5,5,5,15,0,Regular Customers
13395,185,1,307.72,1,1,2,4,1,At-Risk / Inactive
13396,29,2,1360.99,4,2,4,10,0,Regular Customers
13397,72,5,1544.13,2,4,4,10,0,Regular Customers
13398,192,1,457.34000000000003,1,1,2,4,1,At-Risk / Inactive
13402,127,2,621.23,2,2,3,7,0,Regular Customers
13403,17,1,75.0,4,1,1,6,0,Regular Customers
13404,1,2,252.49,5,2,2,9,0,Regular Customers
13405,204,2,557.45,1,2,3,6,1,At-Risk / Inactive
13408,1,62,28117.04,5,5,5,15,3,High-Value Customers
13410,24,5,1003.06,4,4,4,12,0,Regular Customers
13411,107,1,213.55,2,1,1,4,0,Regular Customers
13414,133,3,1390.5,2,3,4,9,0,Regular Customers
13416,43,2,712.5,3,2,3,8,0,Regular Customers
13417,4,2,640.83,5,2,3,10,0,Regular Customers
13418,11,18,6127.43,5,5,5,15,3,High-Value Customers
13419,63,1,221.06,3,1,1,5,0,Regular Customers
13420,149,2,159.85,2,2,1,5,1,At-Risk / Inactive
13421,40,2,1823.21,3,2,4,9,0,Regular Customers
13422,64,1,2626.3,3,1,5,9,0,Regular Customers
13425,108,3,1624.21,2,3,4,9,0,Regular Customers
13426,0,10,3641.32,5,5,5,15,0,Regular Customers
13427,19,3,582.6,4,3,3,10,0,Regular Customers
13428,10,1,201.78,5,1,1,7,0,Regular Customers
13429,10,4,1006.8,5,4,4,13,0,Regular Customers
13430,18,2,679.45,4,2,3,9,0,Regular Customers
13431,67,2,1269.1,3,2,4,9,0,Regular Customers
13434,74,2,534.24,2,2,3,7,0,Regular Customers
13435,5,7,3809.89,5,5,5,15,0,Regular Customers
13436,1,1,196.89,5,1,1,7,0,Regular Customers
13437,14,7,3408.06,5,5,5,15,0,Regular Customers
13439,255,1,283.71,1,1,2,4,1,At-Risk / Inactive
13441,91,1,296.64,2,1,2,5,0,Regular Customers
13447,23,3,1129.14,4,3,4,11,0,Regular Customers
13448,16,6,3534.69,4,5,5,14,0,Regular Customers
13449,23,1,291.88,4,1,2,7,0,Regular Customers
13450,26,6,2043.72,4,5,5,14,0,Regular Customers
13451,26,5,2898.2599999999998,4,4,5,13,0,Regular Customers
13452,259,2,590.0,1,2,3,6,1,At-Risk / Inactive
13453,165,2,356.98,2,2,2,6,1,At-Risk / Inactive
13455,24,2,1058.34,4,2,4,10,0,Regular Customers
13456,17,6,1766.72,4,5,4,13,0,Regular Customers
13458,7,14,9646.57,5,5,5,15,3,High-Value Customers
13460,29,2,183.44,4,2,1,7,0,Regular Customers
13461,38,3,1445.0,3,3,4,10,0,Regular Customers
13462,252,1,151.5,1,1,1,3,1,At-Risk / Inactive
13464,58,1,674.68,3,1,3,7,0,Regular Customers
13466,184,1,307.90000000000003,1,1,2,4,1,At-Risk / Inactive
13467,10,2,1071.91,5,2,4,11,0,Regular Customers
13468,1,37,5704.97,5,5,5,15,3,High-Value Customers
13470,99,2,165.0,2,2,1,5,0,Regular Customers
13471,1,4,2501.84,5,4,5,14,0,Regular Customers
13473,60,2,422.64,3,2,2,7,0,Regular Customers
13474,236,1,224.34,1,1,1,3,1,At-Risk / Inactive
13475,191,4,1431.78,1,4,4,9,1,At-Risk / Inactive
13476,178,2,1238.47,2,2,4,8,1,At-Risk / Inactive
13477,37,6,1454.58,3,5,4,12,0,Regular Customers
13479,200,2,300.95,1,2,2,5,1,At-Risk / Inactive
13481,45,5,1804.56,3,4,4,11,0,Regular Customers
13482,232,1,184.64000000000001,1,1,1,3,1,At-Risk / Inactive
13483,65,1,140.34,3,1,1,5,0,Regular Customers
13484,241,1,313.8,1,1,2,4,1,At-Risk / Inactive
13485,233,1,454.24,1,1,2,4,1,At-Risk / Inactive
13486,78,3,1122.41,2,3,4,9,0,Regular Customers
13487,57,3,575.4,3,3,3,9,0,Regular Customers
13488,17,13,8968.31,4,5,5,14,3,High-Value Customers
13489,105,4,449.52,2,4,2,8,0,Regular Customers
13491,51,10,1215.82,3,5,4,12,0,Regular Customers
13492,136,3,1269.84,2,3,4,9,0,Regular Customers
13493,275,2,498.63,1,2,3,6,1,At-Risk / Inactive
13494,311,1,316.26000000000005,1,1,2,4,1,At-Risk / Inactive
13495,7,5,2044.8700000000001,5,4,5,14,0,Regular Customers
13496,10,2,653.33,5,2,3,10,0,Regular Customers
13497,282,2,348.05,1,2,2,5,1,At-Risk / Inactive
13499,17,5,1159.1100000000001,4,4,4,12,0,Regular Customers
13500,23,3,1166.77,4,3,4,11,0,Regular Customers
13501,288,1,1340.32,1,1,4,6,1,At-Risk / Inactive
13502,16,3,292.0,4,3,2,9,0,Regular Customers
13503,71,1,216.85,3,1,1,5,0,Regular Customers
13504,64,1,295.93,3,1,2,6,0,Regular Customers
13505,72,4,3633.63,2,4,5,11,0,Regular Customers
13506,316,2,458.52,1,2,2,5,1,At-Risk / Inactive
13507,3,4,2479.16,5,4,5,14,0,Regular Customers
13508,243,1,110.97,1,1,1,3,1,At-Risk / Inactive
13509,8,6,964.72,5,5,4,14,0,Regular Customers
13510,1,4,1791.56,5,4,4,13,0,Regular Customers
13512,260,1,251.21,1,1,2,4,1,At-Risk / Inactive
13513,126,1,205.1,2,1,1,4,0,Regular Customers
13514,73,1,152.20000000000002,2,1,1,4,0,Regular Customers
13515,72,4,891.12,2,4,3,9,0,Regular Customers
13516,21,3,1389.41,4,3,4,11,0,Regular Customers
13517,59,3,2128.42,3,3,5,11,0,Regular Customers
13518,85,1,627.16,2,1,3,6,0,Regular Customers
13519,78,1,122.75,2,1,1,4,0,Regular Customers
13520,58,6,2984.35,3,5,5,13,0,Regular Customers
13521,1,3,1070.47,5,3,4,12,0,Regular Customers
13522,30,1,125.80000000000001,4,1,1,6,0,Regular Customers
13523,33,5,3964.88,3,4,5,12,0,Regular Customers
13524,40,5,680.1800000000001,3,4,3,10,0,Regular Customers
13525,14,2,628.78,5,2,3,10,0,Regular Customers
13527,33,7,2242.36,3,5,5,13,0,Regular Customers
13529,78,2,307.76,2,2,2,6,0,Regular Customers
13531,205,2,483.8,1,2,3,6,1,At-Risk / Inactive
13532,33,1,210.31,3,1,1,5,0,Regular Customers
13533,182,3,269.09,1,3,2,6,1,At-Risk / Inactive
13534,2,25,5870.08,5,5,5,15,3,High-Value Customers
13536,1,7,3444.39,5,5,5,15,0,Regular Customers
13538,43,7,1280.85,3,5,4,12,0,Regular Customers
13539,85,3,631.34,2,3,3,8,0,Regular Customers
13544,39,2,276.06,3,2,2,7,0,Regular Customers
13546,12,3,621.09,5,3,3,11,0,Regular Customers
13548,96,2,678.16,2,2,3,7,0,Regular Customers
13549,25,7,918.2,4,5,3,12,0,Regular Customers
13551,319,1,91.80000000000001,1,1,1,3,1,At-Risk / Inactive
13552,66,12,3740.07,3,5,5,13,0,Regular Customers
13555,73,4,4098.88,2,4,5,11,0,Regular Customers
13557,28,2,584.0600000000001,4,2,3,9,0,Regular Customers
13558,5,4,594.52,5,4,3,12,0,Regular Customers
13560,7,1,171.42000000000002,5,1,1,7,0,Regular Customers
13561,215,1,141.85999999999999,1,1,1,3,1,At-Risk / Inactive
13562,81,3,1799.3300000000002,2,3,4,9,0,Regular Customers
13563,84,2,777.53,2,2,3,7,0,Regular Customers
13564,354,2,1165.63,1,2,4,7,1,At-Risk / Inactive
13565,19,2,240.22,4,2,1,7,0,Regular Customers
13566,40,2,856.84,3,2,3,8,0,Regular Customers
13568,173,1,187.05,2,1,1,4,1,At-Risk / Inactive
13569,17,2,337.12,4,2,2,8,0,Regular Customers
13570,243,1,239.49,1,1,1,3,1,At-Risk / Inactive
13571,12,12,2088.94,5,5,5,15,0,Regular Customers
13572,205,1,1384.25,1,1,4,6,1,At-Risk / Inactive
13573,50,2,290.25,3,2,2,7,0,Regular Customers
13575,23,5,732.07,4,4,3,11,0,Regular Customers
13576,10,18,6717.34,5,5,5,15,3,High-Value Customers
13577,25,4,1687.6000000000001,4,4,4,12,0,Regular Customers
13579,14,2,467.04,5,2,2,9,0,Regular Customers
13581,309,1,118.0,1,1,1,3,1,At-Risk / Inactive
13583,155,1,781.03,2,1,3,6,1,At-Risk / Inactive
13584,306,1,142.4,1,1,1,3,1,At-Risk / Inactive
13587,63,1,712.4,3,1,3,7,0,Regular Customers
13588,15,9,2478.95,4,5,5,14,0,Regular Customers
13589,14,2,379.65,5,2,2,9,0,Regular Customers
13590,11,6,1981.92,5,5,4,14,0,Regular Customers
13591,64,3,1117.13,3,3,4,10,0,Regular Customers
13592,35,4,247.95999999999998,3,4,2,9,0,Regular Customers
13593,108,5,2011.88,2,4,4,10,0,Regular Customers
13594,52,1,396.97,3,1,2,6,0,Regular Customers
13596,5,2,664.11,5,2,3,10,0,Regular Customers
13598,47,1,160.04,3,1,1,5,0,Regular Customers
13599,1,21,5149.92,5,5,5,15,3,High-Value Customers
13600,312,1,219.52,1,1,1,3,1,At-Risk / Inactive
13601,45,2,693.32,3,2,3,8,0,Regular Customers
13602,64,1,428.89,3,1,2,6,0,Regular Customers
13603,26,1,164.34,4,1,1,6,0,Regular Customers
13606,29,3,276.75,4,3,2,9,0,Regular Customers
13607,40,1,675.51,3,1,3,7,0,Regular Customers
13610,12,7,1082.33,5,5,4,14,0,Regular Customers
13611,89,3,1154.4,2,3,4,9,0,Regular Customers
13614,24,4,1585.46,4,4,4,12,0,Regular Customers
13615,318,1,417.69,1,1,2,4,1,At-Risk / Inactive
13617,40,3,544.18,3,3,3,9,0,Regular Customers
13618,173,1,177.34,2,1,1,4,1,At-Risk / Inactive
13621,116,1,213.85,2,1,1,4,0,Regular Customers
13623,30,5,727.74,4,4,3,11,0,Regular Customers
13626,252,1,257.23,1,1,2,4,1,At-Risk / Inactive
13627,59,5,1638.47,3,4,4,11,0,Regular Customers
13629,23,11,7792.36,4,5,5,14,0,Regular Customers
13630,5,7,2031.78,5,5,5,15,0,Regular Customers
13631,99,11,3070.42,2,5,5,12,0,Regular Customers
13632,24,5,2118.93,4,4,5,13,0,Regular Customers
13634,33,5,1547.3600000000001,3,4,4,11,0,Regular Customers
13635,67,1,1071.03,3,1,4,8,0,Regular Customers
13636,36,5,949.12,3,4,4,11,0,Regular Customers
13637,52,3,803.05,3,3,3,9,0,Regular Customers
13638,15,1,122.64,4,1,1,6,0,Regular Customers
13639,74,1,1033.34,2,1,4,7,0,Regular Customers
13642,215,1,312.28,1,1,2,4,1,At-Risk / Inactive
13643,31,3,519.44,4,3,3,10,0,Regular Customers
13644,16,4,2624.26,4,4,5,13,0,Regular Customers
13645,120,1,252.1,2,1,2,5,0,Regular Customers
13647,9,4,1648.1200000000001,5,4,4,13,0,Regular Customers
13649,256,2,346.6,1,2,2,5,1,At-Risk / Inactive
13650,16,6,1836.3400000000001,4,5,4,13,0,Regular Customers
13651,39,1,79.2,3,1,1,5,0,Regular Customers
13652,45,3,1095.08,3,3,4,10,0,Regular Customers
13654,43,6,2707.33,3,5,5,13,0,Regular Customers
13655,114,2,932.97,2,2,4,8,0,Regular Customers
13656,164,2,379.65,2,2,2,6,1,At-Risk / Inactive
13657,10,2,382.14,5,2,2,9,0,Regular Customers
13658,9,5,2639.17,5,4,5,14,0,Regular Customers
13659,205,2,1563.0,1,2,4,7,1,At-Risk / Inactive
13662,85,3,881.26,2,3,3,8,0,Regular Customers
13663,179,1,189.47,2,1,1,4,1,At-Risk / Inactive
13666,60,3,84.65,3,3,1,7,0,Regular Customers
13667,149,1,299.05,2,1,2,5,1,At-Risk / Inactive
13668,2,21,6299.83,5,5,5,15,3,High-Value Customers
13669,50,2,218.55,3,2,1,6,0,Regular Customers
13670,75,1,349.7,2,1,2,5,0,Regular Customers
13672,301,2,186.39000000000001,1,2,1,4,1,At-Risk / Inactive
13673,18,2,387.44,4,2,2,8,0,Regular Customers
13675,151,2,486.82000000000005,2,2,3,7,1,At-Risk / Inactive
13678,151,1,232.6,2,1,1,4,1,At-Risk / Inactive
13680,1,4,3719.12,5,4,5,14,0,Regular Customers
13681,17,4,827.83,4,4,3,11,0,Regular Customers
13682,187,1,59.5,1,1,1,3,1,At-Risk / Inactive
13684,285,1,65.13,1,1,1,3,1,At-Risk / Inactive
13685,2,7,3119.44,5,5,5,15,0,Regular Customers
13686,182,1,72.0,1,1,1,3,1,At-Risk / Inactive
13689,63,1,910.0,3,1,3,7,0,Regular Customers
13690,59,1,172.25,3,1,1,5,0,Regular Customers
13692,24,3,1488.32,4,3,4,11,0,Regular Customers
13694,3,50,65039.62,5,5,5,15,3,High-Value Customers
13695,31,15,2504.13,4,5,5,14,3,High-Value Customers
13697,38,1,151.3,3,1,1,5,0,Regular Customers
13699,155,1,308.58000000000004,2,1,2,5,1,At-Risk / Inactive
13700,26,10,2248.63,4,5,5,14,0,Regular Customers
13703,318,1,99.5,1,1,1,3,1,At-Risk / Inactive
13704,5,9,2308.06,5,5,5,15,0,Regular Customers
13705,7,3,711.86,5,3,3,11,0,Regular Customers
13706,302,1,330.79,1,1,2,4,1,At-Risk / Inactive
13707,267,2,806.41,1,2,3,6,1,At-Risk / Inactive
13708,271,1,283.33,1,1,2,4,1,At-Risk / Inactive
13709,3,13,6307.650000000001,5,5,5,15,3,High-Value Customers
13710,31,1,180.48,4,1,1,6,0,Regular Customers
13711,218,2,252.06,1,2,2,5,1,At-Risk / Inactive
13712,246,1,228.84,1,1,1,3,1,At-Risk / Inactive
13715,281,5,1077.39,1,4,4,9,1,At-Risk / Inactive
13716,269,1,138.28,1,1,1,3,1,At-Risk / Inactive
13717,32,6,1445.01,4,5,4,13,0,Regular Customers
13718,246,2,306.55,1,2,2,5,1,At-Risk / Inactive
13719,15,5,1041.68,4,4,4,12,0,Regular Customers
13720,116,4,799.9,2,4,3,9,0,Regular Customers
13721,36,1,524.14,3,1,3,7,0,Regular Customers
13722,131,3,2375.41,2,3,5,10,0,Regular Customers
13723,217,1,199.85000000000002,1,1,1,3,1,At-Risk / Inactive
13725,49,8,1980.56,3,5,4,12,0,Regular Customers
13726,38,2,1079.66,3,2,4,9,0,Regular Customers
13727,28,2,333.48,4,2,2,8,0,Regular Customers
13728,36,6,1016.14,3,5,4,12,0,Regular Customers
13730,135,2,752.6,2,2,3,7,0,Regular Customers
13731,219,2,610.59,1,2,3,6,1,At-Risk / Inactive
13732,28,1,491.86,4,1,3,8,0,Regular Customers
13735,24,4,2883.54,4,4,5,13,0,Regular Customers
13736,5,2,729.8,5,2,3,10,0,Regular Customers
13737,200,1,339.6,1,1,2,4,1,At-Risk / Inactive
13739,18,1,216.9,4,1,1,6,0,Regular Customers
13740,240,1,350.75,1,1,2,4,1,At-Risk / Inactive
13741,71,3,668.4300000000001,3,3,3,9,0,Regular Customers
13742,16,12,3107.87,4,5,5,14,0,Regular Customers
13743,2,7,1341.6,5,5,4,14,0,Regular Customers
13744,95,2,1080.52,2,2,4,8,0,Regular Customers
13745,162,1,300.04,2,1,2,5,1,At-Risk / Inactive
13747,373,1,79.6,1,1,1,3,1,At-Risk / Inactive
13748,95,5,948.25,2,4,4,10,0,Regular Customers
13750,53,5,1647.26,3,4,4,11,0,Regular Customers
13751,288,1,296.25,1,1,2,4,1,At-Risk / Inactive
13752,124,6,1175.38,2,5,4,11,0,Regular Customers
13753,287,1,741.26,1,1,3,5,1,At-Risk / Inactive
13754,151,2,282.6,2,2,2,6,1,At-Risk / Inactive
13755,3,9,2106.81,5,5,5,15,0,Regular Customers
13756,2,14,5189.52,5,5,5,15,3,High-Value Customers
13758,11,7,3190.55,5,5,5,15,0,Regular Customers
13759,33,2,659.4100000000001,3,2,3,8,0,Regular Customers
13760,54,2,286.79,3,2,2,7,0,Regular Customers
13761,50,2,1070.65,3,2,4,9,0,Regular Customers
13762,218,1,306.72,1,1,2,4,1,At-Risk / Inactive
13763,63,1,1714.96,3,1,4,8,0,Regular Customers
13764,70,3,1516.42,3,3,4,10,0,Regular Customers
13767,2,37,17220.36,5,5,5,15,3,High-Value Customers
13769,2,10,2796.51,5,5,5,15,0,Regular Customers
13771,64,4,2634.45,3,4,5,12,0,Regular Customers
13772,33,3,1122.63,3,3,4,10,0,Regular Customers
13774,81,1,345.0,2,1,2,5,0,Regular Customers
13777,0,33,25977.16,5,5,5,15,3,High-Value Customers
13778,103,1,178.7,2,1,1,4,0,Regular Customers
13780,7,2,360.01,5,2,2,9,0,Regular Customers
13781,250,1,127.84,1,1,1,3,1,At-Risk / Inactive
13782,12,6,908.86,5,5,3,13,0,Regular Customers
13784,9,11,2462.79,5,5,5,15,0,Regular Customers
13786,367,1,230.4,1,1,1,3,1,At-Risk / Inactive
13787,75,2,309.04,2,2,2,6,0,Regular Customers
13790,4,1,348.79999999999995,5,1,2,8,0,Regular Customers
13791,127,2,1516.0,2,2,4,8,0,Regular Customers
13792,66,2,195.55,3,2,1,6,0,Regular Customers
13798,1,57,37153.85,5,5,5,15,3,High-Value Customers
13799,116,2,688.86,2,2,3,7,0,Regular Customers
13800,309,1,558.32,1,1,3,5,1,At-Risk / Inactive
13801,66,1,324.8,3,1,2,6,0,Regular Customers
13802,138,3,4599.42,2,3,5,10,0,Regular Customers
13803,255,1,277.07,1,1,2,4,1,At-Risk / Inactive
13804,30,7,2588.39,4,5,5,14,0,Regular Customers
13805,52,2,924.5999999999999,3,2,4,9,0,Regular Customers
13806,63,1,256.38,3,1,2,6,0,Regular Customers
13807,367,1,112.6,1,1,1,3,1,At-Risk / Inactive
13808,5,5,1747.66,5,4,4,13,0,Regular Customers
13809,305,1,155.05,1,1,1,3,1,At-Risk / Inactive
13810,28,2,827.51,4,2,3,9,0,Regular Customers
13811,183,2,519.75,1,2,3,6,1,At-Risk / Inactive
13812,42,3,485.0,3,3,3,9,0,Regular Customers
13813,39,4,1168.8600000000001,3,4,4,11,0,Regular Customers
13814,92,2,1579.12,2,2,4,8,0,Regular Customers
13815,22,4,3667.36,4,4,5,13,0,Regular Customers
13816,23,2,499.67,4,2,3,9,0,Regular Customers
13817,29,2,328.98,4,2,2,8,0,Regular Customers
13819,301,3,1140.35,1,3,4,8,1,At-Risk / Inactive
13821,144,2,385.64,2,2,2,6,0,Regular Customers
13822,5,2,632.0,5,2,3,10,0,Regular Customers
13823,18,2,957.66,4,2,4,10,0,Regular Customers
13824,32,5,1698.94,4,4,4,12,0,Regular Customers
13826,176,1,189.5,2,1,1,4,1,At-Risk / Inactive
13827,57,3,409.8,3,3,2,8,0,Regular Customers
13828,22,1,209.49,4,1,1,6,0,Regular Customers
13831,16,6,2198.45,4,5,5,14,0,Regular Customers
13832,19,1,52.2,4,1,1,6,0,Regular Customers
13833,159,1,383.85,2,1,2,5,1,At-Risk / Inactive
13835,25,4,834.57,4,4,3,11,0,Regular Customers
13837,211,2,266.59000000000003,1,2,2,5,1,At-Risk / Inactive
13838,5,4,674.82,5,4,3,12,0,Regular Customers
13841,252,1,85.0,1,1,1,3,1,At-Risk / Inactive
13842,58,9,3385.62,3,5,5,13,0,Regular Customers
13844,11,1,361.62,5,1,2,8,0,Regular Customers
13845,64,1,312.98,3,1,2,6,0,Regular Customers
13846,24,3,865.0600000000001,4,3,3,10,0,Regular Customers
13848,92,3,1255.0,2,3,4,9,0,Regular Customers
13849,51,2,1537.95,3,2,4,9,0,Regular Customers
13850,129,1,1595.48,2,1,4,7,0,Regular Customers
13851,95,3,2651.46,2,3,5,10,0,Regular Customers
13853,57,1,1090.1399999999999,3,1,4,8,0,Regular Customers
13854,8,25,8109.5199999999995,5,5,5,15,3,High-Value Customers
13856,168,3,388.5,2,3,2,7,1,At-Risk / Inactive
13858,57,1,216.17000000000002,3,1,1,5,0,Regular Customers
13859,326,1,201.16,1,1,1,3,1,At-Risk / Inactive
13860,1,5,1245.9,5,4,4,13,0,Regular Customers
13862,18,8,2209.36,4,5,5,14,0,Regular Customers
13863,247,1,305.78,1,1,2,4,1,At-Risk / Inactive
13865,58,4,501.56,3,4,3,10,0,Regular Customers
13866,74,1,145.67,2,1,1,4,0,Regular Customers
13867,31,3,1005.09,4,3,4,11,0,Regular Customers
13868,7,2,3192.54,5,2,5,12,0,Regular Customers
13869,123,4,3083.65,2,4,5,11,0,Regular Customers
13870,2,8,2770.94,5,5,5,15,0,Regular Customers
13871,22,13,6403.25,4,5,5,14,3,High-Value Customers
13873,119,3,389.6,2,3,2,7,0,Regular Customers
13874,358,1,540.45,1,1,3,5,1,At-Risk / Inactive
13875,53,5,1786.79,3,4,4,11,0,Regular Customers
13876,63,1,122.7,3,1,1,5,0,Regular Customers
13877,86,1,117.24,2,1,1,4,0,Regular Customers
13878,54,1,1271.57,3,1,4,8,0,Regular Customers
13880,21,13,3219.77,4,5,5,14,0,Regular Customers
13881,3,20,17159.52,5,5,5,15,3,High-Value Customers
13882,2,5,1191.13,5,4,4,13,0,Regular Customers
13883,10,5,2674.48,5,4,5,14,0,Regular Customers
13884,7,5,787.6,5,4,3,12,0,Regular Customers
13885,189,2,506.8,1,2,3,6,1,At-Risk / Inactive
13886,71,1,243.56,3,1,1,5,0,Regular Customers
13887,204,1,349.55,1,1,2,4,1,At-Risk / Inactive
13888,119,2,595.67,2,2,3,7,0,Regular Customers
13889,92,1,416.90000000000003,2,1,2,5,0,Regular Customers
13890,1,10,1883.81,5,5,4,14,0,Regular Customers
13892,26,4,632.97,4,4,3,11,0,Regular Customers
13893,297,1,821.1,1,1,3,5,1,At-Risk / Inactive
13894,23,3,564.62,4,3,3,10,0,Regular Customers
13895,28,4,2593.07,4,4,5,13,0,Regular Customers
13897,50,1,311.16,3,1,2,6,0,Regular Customers
13898,325,1,155.93,1,1,1,3,1,At-Risk / Inactive
13899,16,2,388.52,4,3,2,9,0,Regular Customers
13900,183,3,740.95,1,3,3,7,1,At-Risk / Inactive
13901,72,5,2867.2000000000003,2,4,5,11,0,Regular Customers
13904,37,2,332.64,3,3,2,8,0,Regular Customers
13908,79,4,2319.55,2,4,5,11,0,Regular Customers
13911,57,9,2580.91,3,5,5,13,0,Regular Customers
13914,11,2,626.45,5,3,3,11,0,Regular Customers
13917,49,2,272.04,3,3,2,8,0,Regular Customers
13918,49,2,1212.8400000000001,3,3,4,10,0,Regular Customers
13919,59,2,348.81,3,3,2,8,0,Regular Customers
13922,351,1,172.25,1,1,1,3,1,At-Risk / Inactive
13923,53,1,351.13,3,1,2,6,0,Regular Customers
13924,1,6,1838.8500000000001,5,5,4,14,0,Regular Customers
13925,92,4,678.25,2,4,3,9,0,Regular Customers
13926,23,1,223.85000000000002,4,1,1,6,0,Regular Customers
13927,74,1,348.99,2,1,2,5,0,Regular Customers
13928,10,4,464.57,5,4,2,11,0,Regular Customers
13929,169,2,842.65,2,3,3,8,1,At-Risk / Inactive
13930,57,2,337.34,3,3,2,8,0,Regular Customers
13931,95,2,1237.53,2,3,4,9,0,Regular Customers
13932,294,1,307.4,1,1,2,4,1,At-Risk / Inactive
13933,109,2,608.79,2,3,3,8,0,Regular Customers
13934,263,1,922.1,1,1,3,5,1,At-Risk / Inactive
13936,179,1,376.58,2,1,2,5,1,At-Risk / Inactive
13937,169,1,158.85,2,1,1,4,1,At-Risk / Inactive
13938,35,1,71.66,3,1,1,5,0,Regular Customers
13939,23,3,568.55,4,3,3,10,0,Regular Customers
13940,17,4,839.14,4,4,3,11,0,Regular Customers
13941,21,5,5112.96,4,4,5,13,0,Regular Customers
13946,79,3,561.57,2,3,3,8,0,Regular Customers
13947,65,1,90.60000000000001,3,1,1,5,0,Regular Customers
13948,360,1,102.0,1,1,1,3,1,At-Risk / Inactive
13949,2,6,2427.32,5,5,5,15,0,Regular Customers
13950,11,4,745.0600000000001,5,4,3,12,0,Regular Customers
13951,176,3,674.45,2,3,3,8,1,At-Risk / Inactive
13952,217,2,3251.07,1,3,5,9,1,At-Risk / Inactive
13953,7,7,3515.68,5,5,5,15,0,Regular Customers
13954,1,2,439.92,5,3,2,10,0,Regular Customers
13955,154,2,322.96,2,3,2,7,1,At-Risk / Inactive
13956,5,5,1019.27,5,4,4,13,0,Regular Customers
13959,79,3,594.04,2,3,3,8,0,Regular Customers
13960,21,2,230.22,4,3,1,8,0,Regular Customers
13962,21,2,169.54999999999998,4,3,1,8,0,Regular Customers
13963,308,4,664.54,1,4,3,8,1,At-Risk / Inactive
13967,145,1,80.7,2,1,1,4,1,At-Risk / Inactive
13969,7,18,9024.17,5,5,5,15,3,High-Value Customers
13971,18,8,2758.26,4,5,5,14,0,Regular Customers
13972,70,2,190.25,3,3,1,7,0,Regular Customers
13973,287,1,264.7,1,1,2,4,1,At-Risk / Inactive
13974,49,1,413.59000000000003,3,1,2,6,0,Regular Customers
13975,31,6,2461.2400000000002,4,5,5,14,0,Regular Customers
13976,206,1,357.98,1,1,2,4,1,At-Risk / Inactive
13978,14,2,196.79,5,3,1,9,0,Regular Customers
13979,73,1,869.87,2,1,3,6,0,Regular Customers
13980,60,1,200.14,3,1,1,5,0,Regular Customers
13982,39,4,1871.81,3,4,4,11,0,Regular Customers
13983,29,12,2603.43,4,5,5,14,0,Regular Customers
13984,26,5,920.51,4,4,3,11,0,Regular Customers
13985,4,15,7060.13,5,5,5,15,3,High-Value Customers
13986,17,1,320.46,4,1,2,7,0,Regular Customers
13988,19,6,4147.96,4,5,5,14,0,Regular Customers
13989,65,2,1266.08,3,3,4,10,0,Regular Customers
13990,213,1,311.3,1,1,2,4,1,At-Risk / Inactive
13991,12,6,851.88,5,5,3,13,0,Regular Customers
13992,30,1,76.8,4,1,1,6,0,Regular Customers
13993,42,9,3466.36,3,5,5,13,0,Regular Customers
13994,3,6,2274.14,5,5,5,15,0,Regular Customers
13995,15,5,1393.69,4,4,4,12,0,Regular Customers
13999,10,12,3901.81,5,5,5,15,0,Regular Customers
14000,211,1,635.66,1,1,3,5,1,At-Risk / Inactive
14001,45,3,2043.0800000000002,3,3,5,11,0,Regular Customers
14002,134,2,529.73,2,3,3,8,0,Regular Customers
14004,43,7,4582.64,3,5,5,13,0,Regular Customers
14005,9,5,2874.72,5,4,5,14,0,Regular Customers
14006,115,3,962.19,2,3,4,9,0,Regular Customers
14009,198,2,695.61,1,3,3,7,1,At-Risk / Inactive
14012,277,1,328.8,1,1,2,4,1,At-Risk / Inactive
14013,110,3,473.02,2,3,2,7,0,Regular Customers
14014,77,1,505.18,2,1,3,6,0,Regular Customers
14015,52,1,917.34,3,1,3,7,0,Regular Customers
14016,161,4,4291.21,2,4,5,11,1,At-Risk / Inactive
14019,46,3,1421.6100000000001,3,3,4,10,0,Regular Customers
14020,16,2,642.8,4,3,3,10,0,Regular Customers
14021,155,3,631.9,2,3,3,8,1,At-Risk / Inactive
14022,225,1,440.0,1,1,2,4,1,At-Risk / Inactive
14023,7,2,584.07,5,3,3,11,0,Regular Customers
14024,121,2,327.7,2,3,2,7,0,Regular Customers
14027,60,1,104.82,3,1,1,5,0,Regular Customers
14029,63,2,467.66,3,3,2,8,0,Regular Customers
14030,18,8,2358.84,4,5,5,14,0,Regular Customers
14031,7,19,17286.86,5,5,5,15,3,High-Value Customers
14032,2,11,2975.59,5,5,5,15,0,Regular Customers
14034,22,3,648.89,4,3,3,10,0,Regular Customers
14035,28,5,1428.02,4,4,4,12,0,Regular Customers
14036,284,1,626.65,1,1,3,5,1,At-Risk / Inactive
14037,176,2,147.20000000000002,2,3,1,6,1,At-Risk / Inactive
14038,78,3,1560.38,2,3,4,9,0,Regular Customers
14039,33,1,152.2,3,1,1,5,0,Regular Customers
14040,40,12,3560.32,3,5,5,13,0,Regular Customers
14041,266,1,141.41,1,1,1,3,1,At-Risk / Inactive
14044,26,4,646.42,4,4,3,11,0,Regular Customers
14045,109,4,1659.75,2,4,4,10,0,Regular Customers
14046,284,1,151.59,1,1,1,3,1,At-Risk / Inactive
14047,8,5,1308.6100000000001,5,4,4,13,0,Regular Customers
14048,305,1,409.93,1,1,2,4,1,At-Risk / Inactive
14049,16,4,5578.72,4,4,5,13,0,Regular Customers
14050,31,2,746.36,4,3,3,10,0,Regular Customers
14051,0,23,15610.390000000001,5,5,5,15,3,High-Value Customers
14052,19,1,225.35999999999999,4,1,1,6,0,Regular Customers
14053,124,2,260.25,2,3,2,7,0,Regular Customers
14054,65,1,92.46000000000001,3,1,1,5,0,Regular Customers
14055,106,1,725.6400000000001,2,1,3,6,0,Regular Customers
14056,1,23,8152.71,5,5,5,15,3,High-Value Customers
14057,23,17,6211.66,4,5,5,14,3,High-Value Customers
14059,266,1,183.6,1,1,1,3,1,At-Risk / Inactive
14060,4,19,6140.42,5,5,5,15,3,High-Value Customers
14062,9,12,10464.85,5,5,5,15,3,High-Value Customers
14064,29,5,1334.34,4,4,4,12,0,Regular Customers
14066,266,1,152.55,1,1,1,3,1,At-Risk / Inactive
14067,63,2,374.7,3,3,2,8,0,Regular Customers
14068,320,1,265.85,1,1,2,4,1,At-Risk / Inactive
14071,3,8,1422.75,5,5,4,14,0,Regular Customers
14073,32,1,151.04,4,1,1,6,0,Regular Customers
14075,4,3,942.26,5,3,4,12,0,Regular Customers
14076,129,1,118.67,2,1,1,4,0,Regular Customers
14077,40,5,499.42,3,4,3,10,0,Regular Customers
14078,101,6,1049.37,2,5,4,11,0,Regular Customers
14079,124,1,375.1,2,1,2,5,0,Regular Customers
14080,32,1,45.599999999999994,4,1,1,6,0,Regular Customers
14081,302,2,921.62,1,3,3,7,1,At-Risk / Inactive
14082,364,1,182.25,1,1,1,3,1,At-Risk / Inactive
14083,4,9,1002.9,5,5,4,14,0,Regular Customers
14085,2,18,4421.29,5,5,5,15,3,High-Value Customers
14087,2,1,191.47,5,1,1,7,0,Regular Customers
14088,10,13,50491.81,5,5,5,15,3,High-Value Customers
14089,56,1,158.75,3,1,1,5,0,Regular Customers
14090,324,1,76.32000000000001,1,1,1,3,1,At-Risk / Inactive
14092,7,14,4076.9100000000003,5,5,5,15,3,High-Value Customers
14093,12,1,433.86,5,1,2,8,0,Regular Customers
14096,4,17,53258.43,5,5,5,15,3,High-Value Customers
14098,36,1,147.35,3,1,1,5,0,Regular Customers
14099,16,11,3104.17,4,5,5,14,0,Regular Customers
14100,137,1,191.95,2,1,1,4,0,Regular Customers
14101,73,6,5976.79,2,5,5,12,0,Regular Customers
14102,5,5,1105.8799999999999,5,4,4,13,0,Regular Customers
14104,154,2,216.21,2,3,1,6,1,At-Risk / Inactive
14105,239,1,1266.23,1,1,4,6,1,At-Risk / Inactive
14107,51,7,2703.23,3,5,5,13,0,Regular Customers
14108,30,2,597.91,4,3,3,10,0,Regular Customers
14109,72,1,144.2,2,1,1,4,0,Regular Customers
14110,3,12,5683.15,5,5,5,15,0,Regular Customers
14111,14,4,692.85,5,4,3,12,0,Regular Customers
14112,22,7,2915.15,4,5,5,14,0,Regular Customers
14113,3,4,1840.42,5,4,4,13,0,Regular Customers
14114,273,2,386.53,1,3,2,6,1,At-Risk / Inactive
14116,19,5,1382.74,4,4,4,12,0,Regular Customers
14117,143,1,90.0,2,1,1,4,1,At-Risk / Inactive
14121,3,4,2780.15,5,4,5,14,0,Regular Customers
14124,84,1,419.58,2,1,2,5,0,Regular Customers
14125,10,3,2720.63,5,3,5,13,0,Regular Customers
14126,7,3,706.1300000000001,5,3,3,11,0,Regular Customers
14127,122,3,709.71,2,3,3,8,0,Regular Customers
14128,60,2,637.5,3,3,3,9,0,Regular Customers
14129,1,5,1123.8600000000001,5,4,4,13,0,Regular Customers
14130,319,1,480.91,1,1,2,4,1,At-Risk / Inactive
14132,2,11,3586.03,5,5,5,15,0,Regular Customers
14133,129,3,605.64,2,3,3,8,0,Regular Customers
14135,1,15,4690.31,5,5,5,15,3,High-Value Customers
14138,1,2,965.88,5,3,4,12,0,Regular Customers
14139,46,1,415.82,3,1,2,6,0,Regular Customers
14140,3,2,935.05,5,3,4,12,0,Regular Customers
14141,2,4,915.13,5,4,3,12,0,Regular Customers
14142,373,1,311.81,1,1,2,4,1,At-Risk / Inactive
14143,133,1,115.8,2,1,1,4,0,Regular Customers
14145,46,4,3742.2,3,4,5,12,0,Regular Customers
14146,8,5,4191.0,5,4,5,14,0,Regular Customers
14147,78,2,483.4,2,3,3,8,0,Regular Customers
14148,233,1,157.2,1,1,1,3,1,At-Risk / Inactive
14149,220,1,446.62,1,1,2,4,1,At-Risk / Inactive
14150,35,2,658.64,3,3,3,9,0,Regular Customers
14152,75,2,621.29,2,3,3,8,0,Regular Customers
14154,239,2,1345.62,1,3,4,8,1,At-Risk / Inactive
14155,266,1,118.75,1,1,1,3,1,At-Risk / Inactive
14156,9,54,116560.08,5,5,5,15,2,VIP Customers
14157,19,2,424.89000000000004,4,3,2,9,0,Regular Customers
14158,40,1,507.65999999999997,3,1,3,7,0,Regular Customers
14159,19,11,4627.98,4,5,5,14,0,Regular Customers
14161,215,3,1097.6200000000001,1,3,4,8,1,At-Risk / Inactive
14162,173,2,289.36,2,3,2,7,1,At-Risk / Inactive
14163,87,4,2445.91,2,4,5,11,0,Regular Customers
14164,70,2,1631.77,3,3,4,10,0,Regular Customers
14165,275,1,120.44,1,1,1,3,1,At-Risk / Inactive
14167,39,4,562.59,3,4,3,10,0,Regular Customers
14171,98,1,363.79,2,1,2,5,0,Regular Customers
14173,10,4,450.84,5,4,2,11,0,Regular Customers
14174,33,1,134.46,3,1,1,5,0,Regular Customers
14175,59,3,3222.3,3,3,5,11,0,Regular Customers
14176,297,4,576.9000000000001,1,4,3,8,1,At-Risk / Inactive
14177,86,4,549.46,2,4,3,9,0,Regular Customers
14178,8,7,1580.26,5,5,4,14,0,Regular Customers
14179,40,2,701.57,3,3,3,9,0,Regular Customers
14180,10,25,4748.52,5,5,5,15,3,High-Value Customers
14184,66,1,452.89,3,1,2,6,0,Regular Customers
14185,331,1,197.65,1,1,1,3,1,At-Risk / Inactive
14188,30,6,2054.36,4,5,5,14,0,Regular Customers
14189,2,15,4654.08,5,5,5,15,3,High-Value Customers
14191,1,13,4684.76,5,5,5,15,0,Regular Customers
14193,67,2,853.39,3,3,3,9,0,Regular Customers
14194,4,21,11349.52,5,5,5,15,3,High-Value Customers
14195,201,2,1012.0,1,3,4,8,1,At-Risk / Inactive
14196,106,1,335.52,2,1,2,5,0,Regular Customers
14198,18,4,701.4,4,4,3,11,0,Regular Customers
14199,218,1,185.39999999999998,1,1,1,3,1,At-Risk / Inactive
14201,60,7,747.44,3,5,3,11,0,Regular Customers
14204,2,1,150.61,5,1,1,7,0,Regular Customers
14205,16,2,466.7,4,3,2,9,0,Regular Customers
14206,239,1,328.15999999999997,1,1,2,4,1,At-Risk / Inactive
14208,94,1,151.74,2,1,1,4,0,Regular Customers
14209,10,6,2073.43,5,5,5,15,0,Regular Customers
14210,105,6,1897.44,2,5,4,11,0,Regular Customers
14211,53,9,2241.1,3,5,5,13,0,Regular Customers
14212,89,1,1070.48,2,1,4,7,0,Regular Customers
14214,30,5,1004.38,4,4,4,12,0,Regular Customers
14215,11,6,1789.72,5,5,4,14,0,Regular Customers
14216,3,4,1839.3,5,4,4,13,0,Regular Customers
14217,1,17,2004.98,5,5,4,14,3,High-Value Customers
14218,42,1,169.48000000000002,3,1,1,5,0,Regular Customers
14219,4,1,89.94,5,1,1,7,0,Regular Customers
14220,247,2,632.4000000000001,1,3,3,7,1,At-Risk / Inactive
14221,42,9,3432.8,3,5,5,13,0,Regular Customers
14222,177,1,683.17,2,1,3,6,1,At-Risk / Inactive
14223,92,3,991.13,2,3,4,9,0,Regular Customers
14224,110,4,1009.73,2,4,4,10,0,Regular Customers
14226,28,5,2214.79,4,4,5,13,0,Regular Customers
14227,26,10,3350.96,4,5,5,14,0,Regular Customers
14229,51,3,1547.2,3,3,4,10,0,Regular Customers
14231,183,3,925.71,1,3,4,8,1,At-Risk / Inactive
14232,42,5,2048.07,3,4,5,12,0,Regular Customers
14233,49,4,1462.72,3,4,4,11,0,Regular Customers
14234,22,4,754.12,4,4,3,11,0,Regular Customers
14235,75,5,3144.86,2,4,5,11,0,Regular Customers
14236,80,2,490.86,2,3,3,8,0,Regular Customers
14237,373,1,161.0,1,1,1,3,1,At-Risk / Inactive
14238,326,1,146.85,1,1,1,3,1,At-Risk / Inactive
14239,43,11,2380.85,3,5,5,13,0,Regular Customers
14240,30,2,890.34,4,3,3,10,0,Regular Customers
14241,183,1,213.70000000000002,1,1,1,3,1,At-Risk / Inactive
14242,234,2,280.55,1,3,2,6,1,At-Risk / Inactive
14243,8,10,2588.77,5,5,5,15,0,Regular Customers
14245,219,2,1693.45,1,3,4,8,1,At-Risk / Inactive
14246,110,3,1474.06,2,3,4,9,0,Regular Customers
14247,278,1,136.77,1,1,1,3,1,At-Risk / Inactive
14248,318,1,302.58,1,1,2,4,1,At-Risk / Inactive
14250,7,3,1904.05,5,3,4,12,0,Regular Customers
14251,1,5,2879.7000000000003,5,4,5,14,0,Regular Customers
14256,260,2,969.0600000000001,1,3,4,8,1,At-Risk / Inactive
14257,64,5,3099.7200000000003,3,4,5,12,0,Regular Customers
14258,9,9,12669.98,5,5,5,15,0,Regular Customers
14259,141,1,120.0,2,1,1,4,0,Regular Customers
14261,50,2,1163.45,3,3,4,10,0,Regular Customers
14262,8,8,2618.23,5,5,5,15,0,Regular Customers
14264,154,2,333.97,2,3,2,7,1,At-Risk / Inactive
14265,109,2,530.18,2,3,3,8,0,Regular Customers
14267,162,3,1516.24,2,3,4,9,1,At-Risk / Inactive
14270,331,1,492.65000000000003,1,1,3,5,1,At-Risk / Inactive
14271,225,1,112.32000000000001,1,1,1,3,1,At-Risk / Inactive
14272,73,2,437.96,2,3,2,7,0,Regular Customers
14273,51,4,559.97,3,4,3,10,0,Regular Customers
14276,98,3,1119.74,2,3,4,9,0,Regular Customers
14277,15,3,4152.0,4,3,5,12,0,Regular Customers
14280,196,1,134.04,1,1,1,3,1,At-Risk / Inactive
14282,3,15,3701.44,5,5,5,15,3,High-Value Customers
14284,30,2,595.25,4,3,3,10,0,Regular Customers
14285,21,4,1910.01,4,4,4,12,0,Regular Customers
14286,23,3,4628.75,4,3,5,12,0,Regular Customers
14287,8,3,176.63,5,3,1,9,0,Regular Customers
14288,213,1,426.6,1,1,2,4,1,At-Risk / Inactive
14289,8,6,911.26,5,5,3,13,0,Regular Customers
14290,11,5,2314.65,5,4,5,14,0,Regular Customers
14291,1,11,3883.25,5,5,5,15,0,Regular Customers
14292,7,9,4871.93,5,5,5,15,0,Regular Customers
14293,3,4,1046.56,5,4,4,13,0,Regular Customers
14295,40,1,166.20000000000002,3,1,1,5,0,Regular Customers
14297,17,4,1305.33,4,4,4,12,0,Regular Customers
14298,8,44,51502.1,5,5,5,15,3,High-Value Customers
14299,8,9,3965.62,5,5,5,15,0,Regular Customers
14300,18,1,43.2,4,1,1,6,0,Regular Customers
14301,117,1,640.14,2,1,3,6,0,Regular Customers
14304,222,1,383.45,1,1,2,4,1,At-Risk / Inactive
14305,71,3,1858.96,3,3,4,10,0,Regular Customers
14306,51,2,2093.32,3,3,5,11,0,Regular Customers
14307,88,6,2995.7200000000003,2,5,5,12,0,Regular Customers
14309,8,9,2352.53,5,5,5,15,0,Regular Customers
14311,242,1,310.26,1,1,2,4,1,At-Risk / Inactive
14312,46,6,1611.5900000000001,3,5,4,12,0,Regular Customers
14314,106,1,120.0,2,1,1,4,0,Regular Customers
14315,44,6,2481.13,3,5,5,13,0,Regular Customers
14317,64,1,508.58,3,1,3,7,0,Regular Customers
14320,206,2,477.79,1,3,2,6,1,At-Risk / Inactive
14321,10,5,1530.75,5,4,4,13,0,Regular Customers
14323,114,2,605.0600000000001,2,3,3,8,0,Regular Customers
14326,242,1,183.85,1,1,1,3,1,At-Risk / Inactive
14327,163,1,311.65000000000003,2,1,2,5,1,At-Risk / Inactive
14329,17,7,4975.24,4,5,5,14,0,Regular Customers
14331,124,2,462.66,2,3,2,7,0,Regular Customers
14332,22,3,840.21,4,3,3,10,0,Regular Customers
14333,67,1,415.2,3,1,2,6,0,Regular Customers
14334,16,8,2552.21,4,5,5,14,0,Regular Customers
14335,16,2,454.86,4,3,2,9,0,Regular Customers
14336,16,4,1614.91,4,4,4,12,0,Regular Customers
14338,161,2,588.22,2,3,3,8,1,At-Risk / Inactive
14339,242,1,309.52000000000004,1,1,2,4,1,At-Risk / Inactive
14340,218,1,134.7,1,1,1,3,1,At-Risk / Inactive
14341,45,8,2166.98,3,5,5,13,0,Regular Customers
14342,21,4,668.5600000000001,4,4,3,11,0,Regular Customers
14344,127,8,889.9300000000001,2,5,3,10,0,Regular Customers
14345,38,1,108.98,3,1,1,5,0,Regular Customers
14346,120,2,1021.58,2,3,4,9,0,Regular Customers
14348,260,1,409.57,1,1,2,4,1,At-Risk / Inactive
14349,10,1,133.5,5,1,1,7,0,Regular Customers
14350,274,1,282.93,1,1,2,4,1,At-Risk / Inactive
14351,164,1,51.0,2,1,1,4,1,At-Risk / Inactive
14352,157,4,1078.96,2,4,4,10,1,At-Risk / Inactive
14353,215,1,90.6,1,1,1,3,1,At-Risk / Inactive
14354,5,2,163.62,5,3,1,9,0,Regular Customers
14355,365,1,174.4,1,1,1,3,1,At-Risk / Inactive
14356,79,2,701.23,2,3,3,8,0,Regular Customers
14357,43,1,225.12,3,1,1,5,0,Regular Customers
14359,19,3,912.1800000000001,4,3,3,10,0,Regular Customers
14360,31,4,2118.03,4,4,5,13,0,Regular Customers
14362,22,1,151.5,4,1,1,6,0,Regular Customers
14364,108,8,3717.35,2,5,5,12,0,Regular Customers
14367,8,16,9227.82,5,5,5,15,3,High-Value Customers
14368,319,1,155.0,1,1,1,3,1,At-Risk / Inactive
14371,295,1,100.5,1,1,1,3,1,At-Risk / Inactive
14373,358,1,76.55,1,1,1,3,1,At-Risk / Inactive
14375,185,1,235.56,1,1,1,3,1,At-Risk / Inactive
14377,191,2,617.05,1,3,3,7,1,At-Risk / Inactive
14379,44,2,348.1,3,3,2,8,0,Regular Customers
14381,52,1,202.68,3,1,1,5,0,Regular Customers
14382,26,1,615.49,4,1,3,8,0,Regular Customers
14383,38,3,1247.69,3,3,4,10,0,Regular Customers
14385,9,3,202.10999999999999,5,3,1,9,0,Regular Customers
14386,296,1,142.4,1,1,1,3,1,At-Risk / Inactive
14387,32,3,1727.6,4,3,4,11,0,Regular Customers
14388,10,8,3212.84,5,5,5,15,0,Regular Customers
14389,65,2,1043.46,3,3,4,10,0,Regular Customers
14390,10,9,4642.57,5,5,5,15,0,Regular Customers
14393,218,1,67.95,1,1,1,3,1,At-Risk / Inactive
14395,2,9,3479.91,5,5,5,15,0,Regular Customers
14396,65,2,487.99,3,3,3,9,0,Regular Customers
14397,2,19,2612.96,5,5,5,15,3,High-Value Customers
14400,149,1,574.7,2,1,3,6,1,At-Risk / Inactive
14401,4,13,4051.48,5,5,5,15,0,Regular Customers
14403,130,4,1475.81,2,4,4,10,0,Regular Customers
14404,33,6,1449.32,3,5,4,12,0,Regular Customers
14406,119,1,156.75,2,1,1,4,0,Regular Customers
14407,107,5,2142.73,2,4,5,11,0,Regular Customers
14408,10,7,2599.03,5,5,5,15,0,Regular Customers
14409,71,6,2059.4500000000003,3,5,5,13,0,Regular Customers
14410,92,9,1099.27,2,5,4,11,0,Regular Customers
14411,310,1,1063.0,1,1,4,6,1,At-Risk / Inactive
14412,42,2,770.03,3,3,3,9,0,Regular Customers
14413,362,1,121.05,1,1,1,3,1,At-Risk / Inactive
14414,91,7,1496.98,2,5,4,11,0,Regular Customers
14415,1,13,5855.57,5,5,5,15,3,High-Value Customers
14416,22,2,490.22,4,3,3,10,0,Regular Customers
14418,3,3,1937.25,5,3,4,12,0,Regular Customers
14419,10,6,1051.79,5,5,4,14,0,Regular Customers
14420,99,1,387.52,2,1,2,5,0,Regular Customers
14421,57,2,813.11,3,3,3,9,0,Regular Customers
14422,0,6,4263.64,5,5,5,15,0,Regular Customers
14423,218,1,265.2,1,1,2,4,1,At-Risk / Inactive
14424,17,1,322.08,4,1,2,7,0,Regular Customers
14426,23,10,4481.67,4,5,5,14,0,Regular Customers
14427,50,2,363.34000000000003,3,3,2,8,0,Regular Customers
14428,7,5,1224.06,5,4,4,13,0,Regular Customers
14431,302,1,470.36,1,1,2,4,1,At-Risk / Inactive
14432,9,6,2248.5,5,5,5,15,0,Regular Customers
14434,21,6,1372.8,4,5,4,13,0,Regular Customers
14436,98,1,89.06,2,1,1,4,0,Regular Customers
14437,365,1,63.0,1,1,1,3,1,At-Risk / Inactive
14438,306,1,131.9,1,1,1,3,1,At-Risk / Inactive
14439,319,1,2661.24,1,1,5,7,1,At-Risk / Inactive
14440,8,5,2357.68,5,4,5,14,0,Regular Customers
14441,0,4,1712.89,5,4,4,13,0,Regular Customers
14442,204,2,1589.82,1,3,4,8,1,At-Risk / Inactive
14443,53,4,1420.2,3,4,4,11,0,Regular Customers
14446,0,4,1005.55,5,4,4,13,0,Regular Customers
14447,18,5,1163.23,4,4,4,12,0,Regular Customers
14448,9,2,375.35,5,3,2,10,0,Regular Customers
14449,18,4,885.8,4,4,3,11,0,Regular Customers
14450,180,3,483.25,1,3,3,7,1,At-Risk / Inactive
14451,60,2,643.9,3,3,3,9,0,Regular Customers
14452,10,2,259.05,5,3,2,10,0,Regular Customers
14453,190,1,119.93,1,1,1,3,1,At-Risk / Inactive
14456,5,9,3014.32,5,5,5,15,0,Regular Customers
14457,310,1,113.64,1,1,1,3,1,At-Risk / Inactive
14459,155,1,1837.92,2,1,4,7,1,At-Risk / Inactive
14460,110,3,434.34,2,3,2,7,0,Regular Customers
14461,148,3,2102.67,2,3,5,10,1,At-Risk / Inactive
14462,66,11,1975.57,3,5,4,12,0,Regular Customers
14463,98,3,529.62,2,3,3,8,0,Regular Customers
14465,246,3,1038.44,1,3,4,8,1,At-Risk / Inactive
14466,29,7,2272.4,4,5,5,14,0,Regular Customers
14467,17,4,596.26,4,4,3,11,0,Regular Customers
14470,11,2,461.19,5,3,2,10,0,Regular Customers
14472,103,8,1852.67,2,5,4,11,0,Regular Customers
14473,74,2,234.34,2,3,1,6,0,Regular Customers
14474,46,1,547.66,3,1,3,7,0,Regular Customers
14475,71,3,925.85,3,3,4,10,0,Regular Customers
14476,257,1,193.0,1,1,1,3,1,At-Risk / Inactive
14477,19,4,1309.6,4,4,4,12,0,Regular Customers
14479,253,2,316.25,1,3,2,6,1,At-Risk / Inactive
14480,11,1,279.05,5,1,2,8,0,Regular Customers
14481,164,2,636.51,2,3,3,8,1,At-Risk / Inactive
14482,18,6,2022.81,4,5,4,13,0,Regular Customers
14483,281,1,137.1,1,1,1,3,1,At-Risk / Inactive
14484,50,1,321.92,3,1,2,6,0,Regular Customers
14485,38,1,162.8,3,1,1,5,0,Regular Customers
14487,26,6,1165.48,4,5,4,13,0,Regular Customers
14488,67,1,1064.28,3,1,4,8,0,Regular Customers
14489,207,1,463.38,1,1,2,4,1,At-Risk / Inactive
14491,175,2,340.93,2,3,2,7,1,At-Risk / Inactive
14493,7,5,2383.2400000000002,5,4,5,14,0,Regular Customers
14494,25,1,139.56,4,1,1,6,0,Regular Customers
14495,50,2,123.80000000000001,3,3,1,7,0,Regular Customers
14496,311,2,538.8100000000001,1,3,3,7,1,At-Risk / Inactive
14497,309,1,475.37,1,1,2,4,1,At-Risk / Inactive
14498,42,5,1957.32,3,4,4,11,0,Regular Customers
14499,26,3,808.44,4,3,3,10,0,Regular Customers
14500,88,3,356.85,2,3,2,7,0,Regular Customers
14501,183,2,251.21,1,3,2,6,1,At-Risk / Inactive
14502,19,11,2426.79,4,5,5,14,0,Regular Customers
14503,3,6,3543.26,5,5,5,15,0,Regular Customers
14504,47,4,673.26,3,4,3,10,0,Regular Customers
14505,17,8,5859.43,4,5,5,14,0,Regular Customers
14506,17,5,1960.65,4,4,4,12,0,Regular Customers
14507,23,6,1367.88,4,5,4,13,0,Regular Customers
14508,22,2,268.05,4,3,2,9,0,Regular Customers
14511,11,5,1314.81,5,4,4,13,0,Regular Customers
14512,187,2,275.28,1,3,2,6,1,At-Risk / Inactive
14513,100,3,455.59000000000003,2,3,2,7,0,Regular Customers
14514,61,3,990.2,3,3,4,10,0,Regular Customers
14515,17,6,2076.89,4,5,5,14,0,Regular Customers
14517,33,2,330.45,3,3,2,8,0,Regular Customers
14518,64,1,174.37,3,1,1,5,0,Regular Customers
14520,1,2,270.6,5,3,2,10,0,Regular Customers
14522,24,4,974.54,4,4,4,12,0,Regular Customers
14523,108,1,241.09,2,1,1,4,0,Regular Customers
14524,31,9,1843.83,4,5,4,13,0,Regular Customers
14525,19,9,4215.9,4,5,5,14,0,Regular Customers
14527,2,55,8506.13,5,5,5,15,3,High-Value Customers
14528,37,1,364.21999999999997,3,1,2,6,0,Regular Customers
14529,60,3,578.61,3,3,3,9,0,Regular Customers
14530,25,6,2862.11,4,5,5,14,0,Regular Customers
14532,236,4,932.85,1,4,4,9,1,At-Risk / Inactive
14533,24,7,1949.72,4,5,4,13,0,Regular Customers
14534,2,18,4395.65,5,5,5,15,3,High-Value Customers
14535,60,3,2854.84,3,3,5,11,0,Regular Customers
14536,259,1,170.95,1,1,1,3,1,At-Risk / Inactive
14537,57,1,355.56,3,1,2,6,0,Regular Customers
14538,64,2,388.25,3,3,2,8,0,Regular Customers
14539,15,2,537.48,4,3,3,10,0,Regular Customers
14540,9,3,952.66,5,3,4,12,0,Regular Customers
14541,58,8,1453.35,3,5,4,12,0,Regular Customers
14542,185,1,103.25,1,1,1,3,1,At-Risk / Inactive
14543,28,16,3560.08,4,5,5,14,3,High-Value Customers
14544,24,2,2004.3,4,3,4,11,0,Regular Customers
14546,5,5,2573.93,5,4,5,14,0,Regular Customers
14547,3,8,3974.75,5,5,5,15,0,Regular Customers
14548,150,2,652.8,2,3,3,8,1,At-Risk / Inactive
14549,311,1,289.24,1,1,2,4,1,At-Risk / Inactive
14550,10,2,757.37,5,3,3,11,0,Regular Customers
14551,18,2,186.23,4,3,1,8,0,Regular Customers
14552,151,1,164.22,2,1,1,4,1,At-Risk / Inactive
14553,19,5,859.27,4,4,3,11,0,Regular Customers
14554,10,4,2279.4900000000002,5,4,5,14,0,Regular Customers
14555,57,2,312.54,3,3,2,8,0,Regular Customers
14557,85,1,788.38,2,1,3,6,0,Regular Customers
14560,7,22,2237.77,5,5,5,15,3,High-Value Customers
14561,75,3,1080.76,2,3,4,9,0,Regular Customers
14562,3,18,5006.77,5,5,5,15,3,High-Value Customers
14565,95,4,2949.12,2,4,5,11,0,Regular Customers
14566,110,1,1432.0,2,1,4,7,0,Regular Customers
14567,56,2,1530.3600000000001,3,3,4,10,0,Regular Customers
14569,1,1,227.39,5,1,1,7,0,Regular Customers
14570,280,2,217.21,1,3,1,5,1,At-Risk / Inactive
14572,3,7,2804.54,5,5,5,15,0,Regular Customers
14573,179,9,1639.82,2,5,4,11,1,At-Risk / Inactive
14576,372,1,35.400000000000006,1,1,1,3,1,At-Risk / Inactive
14577,12,4,859.71,5,4,3,12,0,Regular Customers
14578,3,1,168.63,5,1,1,7,0,Regular Customers
14581,16,1,138.6,4,1,1,6,0,Regular Customers
14582,40,1,114.11,3,1,1,5,0,Regular Customers
14583,5,5,986.96,5,4,4,13,0,Regular Customers
14584,169,4,1033.06,2,4,4,10,1,At-Risk / Inactive
14585,50,1,157.05,3,1,1,5,0,Regular Customers
14586,276,1,237.35999999999999,1,1,1,3,1,At-Risk / Inactive
14587,18,9,1580.29,4,5,4,13,0,Regular Customers
14589,371,1,39.75,1,1,1,3,1,At-Risk / Inactive
14591,15,4,1320.21,4,4,4,12,0,Regular Customers
14592,35,3,557.94,3,3,3,9,0,Regular Customers
14593,21,3,617.15,4,3,3,10,0,Regular Customers
14594,7,2,363.33,5,3,2,10,0,Regular Customers
14595,19,6,1740.6000000000001,4,5,4,13,0,Regular Customers
14597,11,2,866.24,5,3,3,11,0,Regular Customers
14598,44,1,221.97,3,1,1,5,0,Regular Customers
14600,305,1,393.33000000000004,1,1,2,4,1,At-Risk / Inactive
14601,10,1,213.96,5,1,1,7,0,Regular Customers
14603,274,1,660.0,1,1,3,5,1,At-Risk / Inactive
14606,1,90,11926.15,5,5,5,15,3,High-Value Customers
14607,15,12,15021.5,4,5,5,14,3,High-Value Customers
14608,4,4,1785.15,5,4,4,13,0,Regular Customers
14609,72,4,601.56,2,4,3,9,0,Regular Customers
14616,242,3,406.08000000000004,1,3,2,6,1,At-Risk / Inactive
14618,9,3,553.44,5,3,3,11,0,Regular Customers
14619,245,1,394.44,1,1,2,4,1,At-Risk / Inactive
14620,205,2,412.78000000000003,1,3,2,6,1,At-Risk / Inactive
14621,1,5,1788.3600000000001,5,4,4,13,0,Regular Customers
14622,184,1,320.58000000000004,1,1,2,4,1,At-Risk / Inactive
14623,32,5,882.02,4,4,3,11,0,Regular Customers
14624,57,2,225.85,3,3,1,7,0,Regular Customers
14625,196,2,899.63,1,3,3,7,1,At-Risk / Inactive
14626,23,4,2791.27,4,4,5,13,0,Regular Customers
14628,91,2,671.96,2,3,3,8,0,Regular Customers
14629,4,2,955.26,5,3,4,12,0,Regular Customers
14631,50,3,1006.98,3,3,4,10,0,Regular Customers
14632,262,1,114.56,1,1,1,3,1,At-Risk / Inactive
14633,266,1,344.90000000000003,1,1,2,4,1,At-Risk / Inactive
14636,36,2,609.85,3,3,3,9,0,Regular Customers
14638,50,1,443.6,3,1,2,6,0,Regular Customers
14639,52,6,2984.4900000000002,3,5,5,13,0,Regular Customers
14640,24,6,2107.38,4,5,5,14,0,Regular Customers
14641,21,1,110.46000000000001,4,1,1,6,0,Regular Customers
14642,58,1,96.12,3,1,1,5,0,Regular Customers
14643,170,2,677.01,2,3,3,8,1,At-Risk / Inactive
14644,67,2,830.76,3,3,3,9,0,Regular Customers
14645,156,2,597.09,2,3,3,8,1,At-Risk / Inactive
14646,1,72,279138.02,5,5,5,15,2,VIP Customers
14647,201,1,236.04000000000002,1,1,1,3,1,At-Risk / Inactive
14649,4,4,1402.59,5,4,4,13,0,Regular Customers
14651,67,2,653.75,3,3,3,9,0,Regular Customers
14652,77,1,114.18,2,1,1,4,0,Regular Customers
14653,1,7,1916.7,5,5,4,14,0,Regular Customers
14655,8,4,1932.23,5,4,4,13,0,Regular Customers
14656,169,2,291.05,2,3,2,7,1,At-Risk / Inactive
14657,17,4,848.22,4,4,3,11,0,Regular Customers
14658,5,2,247.15,5,3,2,10,0,Regular Customers
14659,8,9,2529.93,5,5,5,15,0,Regular Customers
14660,86,2,285.74,2,3,2,7,0,Regular Customers
14661,26,1,107.95,4,1,1,6,0,Regular Customers
14662,28,4,741.37,4,4,3,11,0,Regular Customers
14664,19,2,636.24,4,3,3,10,0,Regular Customers
14665,60,5,1835.7,3,4,4,11,0,Regular Customers
14666,24,1,179.95,4,1,1,6,0,Regular Customers
14667,10,25,9170.79,5,5,5,15,3,High-Value Customers
14669,241,3,1259.24,1,3,4,8,1,At-Risk / Inactive
14670,280,2,392.86,1,3,2,6,1,At-Risk / Inactive
14672,234,2,765.5500000000001,1,3,3,7,1,At-Risk / Inactive
14673,3,5,1736.4,5,4,4,13,0,Regular Customers
14675,16,1,596.36,4,1,3,8,0,Regular Customers
14676,31,6,2548.2400000000002,4,5,5,14,0,Regular Customers
14680,25,16,28754.11,4,5,5,14,3,High-Value Customers
14681,71,3,498.95,3,3,3,9,0,Regular Customers
14682,187,2,52.0,1,3,1,5,1,At-Risk / Inactive
14684,25,5,1201.51,4,4,4,12,0,Regular Customers
14687,106,1,628.38,2,1,3,6,0,Regular Customers
14688,7,21,5579.1,5,5,5,15,3,High-Value Customers
14689,208,1,112.80000000000001,1,1,1,3,1,At-Risk / Inactive
14690,44,2,355.05,3,3,2,8,0,Regular Customers
14691,30,5,2114.33,4,4,5,13,0,Regular Customers
14692,137,4,591.55,2,4,3,9,0,Regular Customers
14693,264,1,172.9,1,1,1,3,1,At-Risk / Inactive
14696,4,7,2078.95,5,5,5,15,0,Regular Customers
14697,218,2,188.61,1,3,1,5,1,At-Risk / Inactive
14698,1,5,1217.27,5,4,4,13,0,Regular Customers
14699,214,1,109.13000000000001,1,1,1,3,1,At-Risk / Inactive
14700,32,3,2195.1,4,3,5,12,0,Regular Customers
14701,10,9,2526.09,5,5,5,15,0,Regular Customers
14702,1,17,3251.79,5,5,5,15,3,High-Value Customers
14703,14,1,318.17,5,1,2,8,0,Regular Customers
14704,19,7,1461.6200000000001,4,5,4,13,0,Regular Customers
14705,198,1,179.0,1,1,1,3,1,At-Risk / Inactive
14708,2,3,1126.3700000000001,5,3,4,12,0,Regular Customers
14709,15,13,4921.04,4,5,5,14,0,Regular Customers
14710,14,4,599.48,5,4,3,12,0,Regular Customers
14711,10,11,2839.62,5,5,5,15,0,Regular Customers
14712,29,3,917.07,4,3,3,10,0,Regular Customers
14713,9,11,2662.2,5,5,5,15,0,Regular Customers
14714,24,1,160.19,4,1,1,6,0,Regular Customers
14715,24,4,867.38,4,4,3,11,0,Regular Customers
14716,43,2,307.51,3,3,2,8,0,Regular Customers
14719,1,5,1581.84,5,4,4,13,0,Regular Customers
14720,5,3,663.81,5,3,3,11,0,Regular Customers
14722,147,1,180.42,2,1,1,4,1,At-Risk / Inactive
14723,10,6,1120.66,5,5,4,14,0,Regular Customers
14725,24,1,655.58,4,1,3,8,0,Regular Customers
14727,274,1,268.58,1,1,2,4,1,At-Risk / Inactive
14729,373,1,313.49,1,1,2,4,1,At-Risk / Inactive
14730,1,8,1897.57,5,5,4,14,0,Regular Customers
14731,47,3,380.02,3,3,2,8,0,Regular Customers
14732,8,8,2702.4900000000002,5,5,5,15,0,Regular Customers
14733,16,12,9585.91,4,5,5,14,3,High-Value Customers
14735,3,31,6050.6900000000005,5,5,5,15,3,High-Value Customers
14737,3,3,1164.55,5,3,4,12,0,Regular Customers
14738,42,7,1314.45,3,5,4,12,0,Regular Customers
14739,4,7,3902.28,5,5,5,15,0,Regular Customers
14740,197,3,1448.21,1,3,4,8,1,At-Risk / Inactive
14741,11,6,1400.3400000000001,5,5,4,14,0,Regular Customers
14744,16,7,1099.98,4,5,4,13,0,Regular Customers
14745,112,5,1220.26,2,4,4,10,0,Regular Customers
14747,249,1,328.2,1,1,2,4,1,At-Risk / Inactive
14748,29,5,1415.75,4,4,4,12,0,Regular Customers
14752,43,1,389.64000000000004,3,1,2,6,0,Regular Customers
14753,87,1,563.15,2,1,3,6,0,Regular Customers
14754,44,2,638.05,3,3,3,9,0,Regular Customers
14755,9,11,5010.28,5,5,5,15,0,Regular Customers
14756,15,1,738.96,4,1,3,8,0,Regular Customers
14757,75,1,420.5,2,1,2,5,0,Regular Customers
14758,144,4,1484.06,2,4,4,10,0,Regular Customers
14759,4,3,1625.97,5,3,4,12,0,Regular Customers
14760,297,1,89.2,1,1,1,3,1,At-Risk / Inactive
14761,58,2,255.9,3,3,2,8,0,Regular Customers
14762,263,1,300.52,1,1,2,4,1,At-Risk / Inactive
14764,46,1,278.3,3,1,2,6,0,Regular Customers
14765,29,3,254.11,4,3,2,9,0,Regular Customers
14766,8,6,2473.37,5,5,5,15,0,Regular Customers
14768,17,2,192.60000000000002,4,3,1,8,0,Regular Customers
14769,2,8,10415.33,5,5,5,15,0,Regular Customers
14770,232,2,876.4200000000001,1,3,3,7,1,At-Risk / Inactive
14772,112,1,139.26,2,1,1,4,0,Regular Customers
14775,58,3,1011.9,3,3,4,10,0,Regular Customers
14776,51,11,2538.2999999999997,3,5,5,13,0,Regular Customers
14778,127,2,730.86,2,3,3,8,0,Regular Customers
14779,280,3,386.15,1,3,2,6,1,At-Risk / Inactive
14780,54,2,447.68,3,3,2,8,0,Regular Customers
14782,319,1,200.10000000000002,1,1,1,3,1,At-Risk / Inactive
14784,26,2,289.99,4,3,2,9,0,Regular Customers
14785,10,2,77.4,5,3,1,9,0,Regular Customers
14788,7,2,679.44,5,3,3,11,0,Regular Customers
14789,28,1,197.64,4,1,1,6,0,Regular Customers
14790,16,4,745.06,4,4,3,11,0,Regular Customers
14792,63,1,6.2,3,1,1,5,0,Regular Customers
14793,21,1,228.99,4,1,1,6,0,Regular Customers
14794,2,7,1319.91,5,5,4,14,0,Regular Customers
14795,166,1,131.45000000000002,2,1,1,4,1,At-Risk / Inactive
14796,1,17,7973.93,5,5,5,15,3,High-Value Customers
14798,52,3,173.74,3,3,1,7,0,Regular Customers
14799,51,1,157.7,3,1,1,5,0,Regular Customers
14800,47,12,4331.79,3,5,5,13,0,Regular Customers
14801,61,1,189.34,3,1,1,5,0,Regular Customers
14803,162,3,845.5500000000001,2,3,3,8,1,At-Risk / Inactive
14804,8,1,353.27,5,1,2,8,0,Regular Customers
14805,15,4,546.4,4,4,3,11,0,Regular Customers
14806,75,1,193.39000000000001,2,1,1,4,0,Regular Customers
14808,39,8,2718.6,3,5,5,13,0,Regular Customers
14810,40,11,2085.33,3,5,5,13,0,Regular Customers
14813,369,2,152.88,1,3,1,5,1,At-Risk / Inactive
14815,36,2,778.5,3,3,3,9,0,Regular Customers
14816,197,1,271.85,1,1,2,4,1,At-Risk / Inactive
14817,200,2,1010.34,1,3,4,8,1,At-Risk / Inactive
14818,73,3,657.8,2,3,3,8,0,Regular Customers
14819,64,2,272.07,3,3,2,8,0,Regular Customers
14820,21,4,507.29,4,4,3,11,0,Regular Customers
14821,366,1,48.800000000000004,1,1,1,3,1,At-Risk / Inactive
14823,180,3,321.43,1,3,2,6,1,At-Risk / Inactive
14824,10,4,1127.71,5,4,4,13,0,Regular Customers
14825,3,12,2221.01,5,5,5,15,0,Regular Customers
14828,196,3,2139.76,1,3,5,9,1,At-Risk / Inactive
14829,29,4,697.55,4,4,3,11,0,Regular Customers
14830,53,1,188.03,3,1,1,5,0,Regular Customers
14834,17,6,1720.3,4,5,4,13,0,Regular Customers
14836,10,3,102.45,5,3,1,9,0,Regular Customers
14837,89,4,1649.5,2,4,4,10,0,Regular Customers
14840,267,1,62.85,1,1,1,3,1,At-Risk / Inactive
14841,53,6,3295.76,3,5,5,13,0,Regular Customers
14842,43,4,2824.69,3,4,5,12,0,Regular Customers
14844,63,4,3189.81,3,4,5,12,0,Regular Customers
14847,148,1,309.40000000000003,2,1,2,5,1,At-Risk / Inactive
14849,21,25,7930.54,4,5,5,14,3,High-Value Customers
14850,311,1,325.75,1,1,2,4,1,At-Risk / Inactive
14851,23,2,511.35,4,3,3,10,0,Regular Customers
14852,58,6,2836.69,3,5,5,13,0,Regular Customers
14853,24,2,475.8,4,3,2,9,0,Regular Customers
14854,78,7,2740.03,2,5,5,12,0,Regular Customers
14855,119,2,645.65,2,3,3,8,0,Regular Customers
14856,36,3,1290.53,3,3,4,10,0,Regular Customers
14857,59,2,1173.1200000000001,3,3,4,10,0,Regular Customers
14859,12,4,1353.74,5,4,4,13,0,Regular Customers
14860,19,1,170.32,4,1,1,6,0,Regular Customers
14861,52,1,125.79,3,1,1,5,0,Regular Customers
14862,25,2,841.2,4,3,3,10,0,Regular Customers
14863,29,1,266.76,4,1,2,7,0,Regular Customers
14865,7,2,52.2,5,3,1,9,0,Regular Customers
14866,10,11,14353.4,5,5,5,15,3,High-Value Customers
14867,185,3,710.28,1,3,3,7,1,At-Risk / Inactive
14868,3,8,2953.59,5,5,5,15,0,Regular Customers
14869,8,2,721.45,5,3,3,11,0,Regular Customers
14870,261,1,327.25,1,1,2,4,1,At-Risk / Inactive
14871,3,4,501.28000000000003,5,4,3,12,0,Regular Customers
14873,210,1,519.68,1,1,3,5,1,At-Risk / Inactive
14875,107,2,1465.32,2,3,4,9,0,Regular Customers
14878,12,9,1476.09,5,5,4,14,0,Regular Customers
14880,77,3,690.59,2,3,3,8,0,Regular Customers
14881,19,1,255.4,4,1,2,7,0,Regular Customers
14882,26,2,589.7,4,3,3,10,0,Regular Customers
14883,18,6,761.59,4,5,3,12,0,Regular Customers
14885,131,1,765.3199999999999,2,1,3,6,0,Regular Customers
14886,252,1,364.8,1,1,2,4,1,At-Risk / Inactive
14887,79,1,1862.0,2,1,4,7,0,Regular Customers
14888,207,1,369.2,1,1,2,4,1,At-Risk / Inactive
14889,336,1,135.9,1,1,1,3,1,At-Risk / Inactive
14890,253,1,125.65,1,1,1,3,1,At-Risk / Inactive
14891,148,2,554.38,2,3,3,8,1,At-Risk / Inactive
14893,9,2,1237.8500000000001,5,3,4,12,0,Regular Customers
14894,85,1,655.75,2,1,3,6,0,Regular Customers
14895,7,20,11138.710000000001,5,5,5,15,3,High-Value Customers
14896,204,2,468.77000000000004,1,3,2,6,1,At-Risk / Inactive
14897,7,4,1366.38,5,4,4,13,0,Regular Customers
14898,23,6,1269.31,4,5,4,13,0,Regular Customers
14901,11,9,1421.29,5,5,4,14,0,Regular Customers
14902,25,1,332.66,4,1,2,7,0,Regular Customers
14903,21,5,2795.33,4,4,5,13,0,Regular Customers
14904,2,2,1025.44,5,3,4,12,0,Regular Customers
14905,157,2,616.15,2,3,3,8,1,At-Risk / Inactive
14907,3,7,3501.1,5,5,5,15,0,Regular Customers
14908,74,1,277.8,2,1,2,5,0,Regular Customers
14910,2,4,434.35,5,4,2,11,0,Regular Customers
14911,1,198,136161.83,5,5,5,15,2,VIP Customers
14912,16,2,867.85,4,3,3,10,0,Regular Customers
14913,35,4,1227.43,3,4,4,11,0,Regular Customers
14915,91,2,307.48,2,3,2,7,0,Regular Customers
14916,70,4,1268.98,3,4,4,11,0,Regular Customers
14918,115,2,1610.15,2,3,4,9,0,Regular Customers
14920,212,2,977.77,1,3,4,8,1,At-Risk / Inactive
14921,30,2,1316.07,4,3,4,11,0,Regular Customers
14923,50,1,749.1,3,1,3,7,0,Regular Customers
14924,245,1,310.05,1,1,2,4,1,At-Risk / Inactive
14929,32,1,223.88,4,1,1,6,0,Regular Customers
14930,108,3,2362.96,2,3,5,10,0,Regular Customers
14931,4,4,864.6800000000001,5,4,3,12,0,Regular Customers
14932,365,1,313.53,1,1,2,4,1,At-Risk / Inactive
14934,81,2,1890.94,2,3,4,9,0,Regular Customers
14935,297,1,1784.71,1,1,4,6,1,At-Risk / Inactive
14936,33,8,8137.02,3,5,5,13,0,Regular Customers
14937,56,3,1621.88,3,3,4,10,0,Regular Customers
14944,29,12,5900.25,4,5,5,14,0,Regular Customers
14946,14,1,100.9,5,1,1,7,0,Regular Customers
14947,72,2,290.82,2,3,2,7,0,Regular Customers
14948,23,6,1101.97,4,5,4,13,0,Regular Customers
14950,19,1,371.2,4,1,2,7,0,Regular Customers
14951,79,1,311.69,2,1,2,5,0,Regular Customers
14952,59,11,8099.49,3,5,5,13,0,Regular Customers
14953,25,1,285.67,4,1,2,7,0,Regular Customers
14954,12,1,294.85,5,1,2,8,0,Regular Customers
14957,253,1,58.49,1,1,1,3,1,At-Risk / Inactive
14958,147,3,483.73,2,3,3,8,1,At-Risk / Inactive
14959,64,4,695.42,3,4,3,10,0,Regular Customers
14960,8,2,221.27,5,3,1,9,0,Regular Customers
14961,10,9,7044.68,5,5,5,15,0,Regular Customers
14962,270,1,126.7,1,1,1,3,1,At-Risk / Inactive
14963,9,5,1472.34,5,4,4,13,0,Regular Customers
14964,247,1,206.21,1,1,1,3,1,At-Risk / Inactive
14965,96,2,596.09,2,3,3,8,0,Regular Customers
14966,14,1,183.02,5,1,1,7,0,Regular Customers
14967,49,1,463.8,3,1,2,6,0,Regular Customers
14968,30,1,147.59,4,1,1,6,0,Regular Customers
14970,68,4,1592.06,3,4,4,11,0,Regular Customers
14971,35,3,1097.98,3,3,4,10,0,Regular Customers
14972,128,1,114.77,2,1,1,4,0,Regular Customers
14973,107,3,1314.45,2,3,4,9,0,Regular Customers
14974,37,1,89.94,3,1,1,5,0,Regular Customers
14975,57,1,279.94,3,1,2,6,0,Regular Customers
14976,57,6,774.86,3,5,3,11,0,Regular Customers
14978,72,5,1921.3700000000001,2,4,4,10,0,Regular Customers
14981,246,1,102.12,1,1,1,3,1,At-Risk / Inactive
14984,19,2,202.37,4,3,1,8,0,Regular Customers
14985,198,2,292.01,1,3,2,6,1,At-Risk / Inactive
14987,15,2,326.4,4,3,2,9,0,Regular Customers
14988,211,1,334.54,1,1,2,4,1,At-Risk / Inactive
14995,38,2,231.98000000000002,3,3,1,7,0,Regular Customers
14997,46,3,546.1999999999999,3,3,3,9,0,Regular Customers
14998,170,2,414.87,2,3,2,7,1,At-Risk / Inactive
15000,47,1,490.52,3,1,3,7,0,Regular Customers
15002,115,4,1641.76,2,4,4,10,0,Regular Customers
15004,147,1,1220.38,2,1,4,7,1,At-Risk / Inactive
15005,15,28,6293.67,4,5,5,14,3,High-Value Customers
15006,51,1,475.43,3,1,2,6,0,Regular Customers
15007,159,1,156.91,2,1,1,4,1,At-Risk / Inactive
15009,12,3,1259.43,5,3,4,12,0,Regular Customers
15010,35,1,308.94,3,1,2,6,0,Regular Customers
15012,53,2,405.04,3,3,2,8,0,Regular Customers
15014,43,2,257.67,3,3,2,8,0,Regular Customers
15016,172,1,170.04,2,1,1,4,1,At-Risk / Inactive
15017,33,1,125.58,3,1,1,5,0,Regular Customers
15018,38,3,496.21,3,3,3,9,0,Regular Customers
15019,266,1,252.81,1,1,2,4,1,At-Risk / Inactive
15021,8,9,1871.77,5,5,4,14,0,Regular Customers
15022,11,4,852.39,5,4,3,12,0,Regular Customers
15023,3,11,6701.51,5,5,5,15,0,Regular Customers
15024,9,10,1636.43,5,5,4,14,0,Regular Customers
15025,33,1,361.96,3,1,2,6,0,Regular Customers
15026,80,3,464.2,2,3,2,7,0,Regular Customers
15027,30,4,1066.15,4,4,4,12,0,Regular Customers
15028,8,4,627.13,5,4,3,12,0,Regular Customers
15030,71,2,518.28,3,3,3,9,0,Regular Customers
15031,4,4,653.19,5,4,3,12,0,Regular Customers
15032,256,3,4959.1,1,3,5,9,1,At-Risk / Inactive
15033,4,10,2550.13,5,5,5,15,0,Regular Customers
15034,15,8,4274.16,4,5,5,14,0,Regular Customers
15035,89,1,252.73000000000002,2,1,2,5,0,Regular Customers
15036,72,3,429.56,2,3,2,7,0,Regular Customers
15038,58,6,685.74,3,5,3,11,0,Regular Customers
15039,9,47,19766.59,5,5,5,15,3,High-Value Customers
15041,170,1,179.93,2,1,1,4,1,At-Risk / Inactive
15042,199,1,135.93,1,1,1,3,1,At-Risk / Inactive
15043,31,1,537.0,4,1,3,8,0,Regular Customers
15044,19,17,7634.7300000000005,4,5,5,14,3,High-Value Customers
15045,151,2,735.66,2,3,3,8,1,At-Risk / Inactive
15046,9,15,5071.47,5,5,5,15,3,High-Value Customers
15047,269,1,343.62,1,1,2,4,1,At-Risk / Inactive
15048,65,4,381.0,3,4,2,9,0,Regular Customers
15049,273,1,121.17000000000002,1,1,1,3,1,At-Risk / Inactive
15050,25,3,1737.69,4,3,4,11,0,Regular Customers
15051,23,3,1383.36,4,3,4,11,0,Regular Customers
15052,319,1,207.73000000000002,1,1,1,3,1,At-Risk / Inactive
15053,4,3,693.95,5,3,3,11,0,Regular Customers
15054,12,2,302.1,5,3,2,10,0,Regular Customers
15057,275,2,1489.5,1,3,4,8,1,At-Risk / Inactive
15058,25,11,2102.54,4,5,5,14,0,Regular Customers
15059,40,9,1337.72,3,5,4,12,0,Regular Customers
15060,8,4,293.0,5,4,2,11,0,Regular Customers
15061,3,48,54534.14,5,5,5,15,3,High-Value Customers
15062,71,4,987.86,3,4,4,11,0,Regular Customers
15063,213,1,370.79999999999995,1,1,2,4,1,At-Risk / Inactive
15065,37,4,3158.13,3,4,5,12,0,Regular Customers
15066,53,1,893.59,3,1,3,7,0,Regular Customers
15067,78,3,1744.76,2,3,4,9,0,Regular Customers
15068,46,2,553.36,3,3,3,9,0,Regular Customers
15069,179,1,1109.53,2,1,4,7,1,At-Risk / Inactive
15070,372,1,106.2,1,1,1,3,1,At-Risk / Inactive
15071,93,2,982.07,2,3,4,9,0,Regular Customers
15073,9,3,1043.41,5,3,4,12,0,Regular Customers
15074,105,1,735.67,2,1,3,6,0,Regular Customers
15075,77,1,773.03,2,1,3,6,0,Regular Customers
15076,172,1,880.85,2,1,3,6,1,At-Risk / Inactive
15078,7,32,9743.11,5,5,5,15,3,High-Value Customers
15079,212,4,895.61,1,4,3,8,1,At-Risk / Inactive
15081,22,5,504.8,4,4,3,11,0,Regular Customers
15083,256,1,88.2,1,1,1,3,1,At-Risk / Inactive
15087,281,1,306.94,1,1,2,4,1,At-Risk / Inactive
15088,21,2,1160.07,4,3,4,11,0,Regular Customers
15089,10,6,2420.84,5,5,5,15,0,Regular Customers
15090,308,1,381.32,1,1,2,4,1,At-Risk / Inactive
15091,67,1,480.71,3,1,2,6,0,Regular Customers
15092,215,2,457.81,1,3,2,6,1,At-Risk / Inactive
15093,18,6,4597.02,4,5,5,14,0,Regular Customers
15095,103,4,1370.6000000000001,2,4,4,10,0,Regular Customers
15096,42,1,219.39000000000001,3,1,1,5,0,Regular Customers
15097,4,1,248.08,5,1,2,8,0,Regular Customers
15098,182,3,39916.5,1,3,5,9,3,High-Value Customers
15099,84,1,410.48,2,1,2,5,0,Regular Customers
15100,333,3,876.0,1,3,3,7,1,At-Risk / Inactive
15101,8,2,317.53000000000003,5,3,2,10,0,Regular Customers
15103,31,2,703.36,4,3,3,10,0,Regular Customers
15104,196,2,993.54,1,3,4,8,1,At-Risk / Inactive
15105,18,7,2298.93,4,5,5,14,0,Regular Customers
15106,17,5,1422.52,4,4,4,12,0,Regular Customers
15107,311,6,319.5,1,5,2,8,1,At-Risk / Inactive
15108,141,3,1159.25,2,3,4,9,0,Regular Customers
15109,245,1,484.95,1,1,3,5,1,At-Risk / Inactive
15110,23,4,996.1,4,4,4,12,0,Regular Customers
15111,29,3,1567.48,4,3,4,11,0,Regular Customers
15113,9,3,3509.04,5,3,5,13,0,Regular Customers
15114,30,10,2760.56,4,5,5,14,0,Regular Customers
15115,18,1,340.11,4,1,2,7,0,Regular Customers
15116,17,4,1352.75,4,4,4,12,0,Regular Customers
15117,14,5,1551.78,5,4,4,13,0,Regular Customers
15118,134,1,244.8,2,1,1,4,0,Regular Customers
15119,245,1,266.4,1,1,2,4,1,At-Risk / Inactive
15120,133,1,358.82,2,1,2,5,0,Regular Customers
15121,50,2,457.72,3,3,2,8,0,Regular Customers
15122,114,3,1633.78,2,3,4,9,0,Regular Customers
15123,7,2,2199.31,5,3,5,13,0,Regular Customers
15124,22,2,184.19,4,3,1,8,0,Regular Customers
15125,25,15,11528.48,4,5,5,14,3,High-Value Customers
15127,65,1,406.53000000000003,3,1,2,6,0,Regular Customers
15128,60,4,1471.0,3,4,4,11,0,Regular Customers
15129,50,11,3447.4,3,5,5,13,0,Regular Customers
15130,169,1,330.11,2,1,2,5,1,At-Risk / Inactive
15132,18,5,977.9300000000001,4,4,4,12,0,Regular Customers
15133,127,3,982.42,2,3,4,9,0,Regular Customers
15134,14,8,1387.99,5,5,4,14,0,Regular Customers
15135,239,1,139.05,1,1,1,3,1,At-Risk / Inactive
15136,2,4,1286.7,5,4,4,13,0,Regular Customers
15139,239,2,178.96,1,3,1,5,1,At-Risk / Inactive
15140,52,7,2354.25,3,5,5,13,0,Regular Customers
15142,46,1,498.74,3,1,3,7,0,Regular Customers
15143,225,1,259.45,1,1,2,4,1,At-Risk / Inactive
15144,8,17,6580.4400000000005,5,5,5,15,3,High-Value Customers
15145,4,4,1194.73,5,4,4,13,0,Regular Customers
15146,164,2,1327.16,2,3,4,9,1,At-Risk / Inactive
15147,240,1,623.5,1,1,3,5,1,At-Risk / Inactive
15148,10,1,301.29,5,1,2,8,0,Regular Customers
15149,133,1,520.8000000000001,2,1,3,6,0,Regular Customers
15150,17,10,5291.33,4,5,5,14,0,Regular Customers
15152,9,13,4745.69,5,5,5,15,0,Regular Customers
15153,31,1,329.25,4,1,2,7,0,Regular Customers
15154,75,1,254.28,2,1,2,5,0,Regular Customers
15156,1,3,961.49,5,3,4,12,0,Regular Customers
15157,3,3,1936.07,5,3,4,12,0,Regular Customers
15158,45,1,401.40000000000003,3,1,2,6,0,Regular Customers
15159,1,30,18641.010000000002,5,5,5,15,3,High-Value Customers
15160,357,1,158.16,1,1,1,3,1,At-Risk / Inactive
15163,18,2,304.47,4,3,2,9,0,Regular Customers
15164,68,3,824.58,3,3,3,9,0,Regular Customers
15165,373,1,487.75,1,1,3,5,1,At-Risk / Inactive
15167,320,1,158.8,1,1,1,3,1,At-Risk / Inactive
15168,25,1,106.56,4,1,1,6,0,Regular Customers
15171,331,1,1289.5,1,1,4,6,1,At-Risk / Inactive
15172,8,5,1624.05,5,4,4,13,0,Regular Customers
15174,322,1,135.75,1,1,1,3,1,At-Risk / Inactive
15175,71,1,224.14,3,1,1,5,0,Regular Customers
15178,260,1,40.5,1,1,1,3,1,At-Risk / Inactive
15179,18,5,2206.9500000000003,4,4,5,13,0,Regular Customers
15180,367,1,87.5,1,1,1,3,1,At-Risk / Inactive
15181,66,3,689.48,3,3,3,9,0,Regular Customers
15182,154,2,622.85,2,3,3,8,1,At-Risk / Inactive
15184,29,2,402.2,4,3,2,9,0,Regular Customers
15185,70,1,310.62,3,1,2,6,0,Regular Customers
15186,14,2,411.41,5,3,2,10,0,Regular Customers
15187,1,15,4762.18,5,5,5,15,3,High-Value Customers
15189,1,41,16225.39,5,5,5,15,3,High-Value Customers
15192,119,3,1044.32,2,3,4,9,0,Regular Customers
15193,60,1,499.32,3,1,3,7,0,Regular Customers
15194,3,15,7616.53,5,5,5,15,3,High-Value Customers
15195,2,1,3861.0,5,1,5,11,0,Regular Customers
15197,10,3,1079.61,5,3,4,12,0,Regular Customers
15198,92,2,193.64,2,3,1,6,0,Regular Customers
15199,59,4,1268.7,3,4,4,11,0,Regular Customers
15201,87,5,1236.54,2,4,4,10,0,Regular Customers
15203,25,6,1827.8,4,5,4,13,0,Regular Customers
15204,357,1,316.58,1,1,2,4,1,At-Risk / Inactive
15205,85,2,653.24,2,3,3,8,0,Regular Customers
15206,10,4,420.3,5,4,2,11,0,Regular Customers
15208,1,5,870.12,5,4,3,12,0,Regular Customers
15210,225,1,331.18,1,1,2,4,1,At-Risk / Inactive
15211,60,2,894.4100000000001,3,3,3,9,0,Regular Customers
15212,241,1,101.8,1,1,1,3,1,At-Risk / Inactive
15213,318,2,328.35,1,3,2,6,1,At-Risk / Inactive
15214,1,8,1661.44,5,5,4,14,0,Regular Customers
15215,46,3,734.94,3,3,3,9,0,Regular Customers
15216,87,1,96.6,2,1,1,4,0,Regular Customers
15218,10,11,5756.89,5,5,5,15,0,Regular Customers
15219,176,1,305.75,2,1,2,5,1,At-Risk / Inactive
15220,51,6,1778.96,3,5,4,12,0,Regular Customers
15221,366,1,403.25,1,1,2,4,1,At-Risk / Inactive
15222,318,1,585.0,1,1,3,5,1,At-Risk / Inactive
15223,225,2,755.75,1,3,3,7,1,At-Risk / Inactive
15224,358,2,322.08,1,3,2,6,1,At-Risk / Inactive
15225,234,1,409.40000000000003,1,1,2,4,1,At-Risk / Inactive
15226,310,1,154.41,1,1,1,3,1,At-Risk / Inactive
15227,36,5,1219.4,3,4,4,11,0,Regular Customers
15228,66,4,3386.71,3,4,5,12,0,Regular Customers
15230,239,2,429.6,1,3,2,6,1,At-Risk / Inactive
15232,113,2,612.06,2,3,3,8,0,Regular Customers
15234,276,1,197.0,1,1,1,3,1,At-Risk / Inactive
15235,217,12,2237.51,1,5,5,11,1,At-Risk / Inactive
15236,298,1,321.05,1,1,2,4,1,At-Risk / Inactive
15237,1,4,1412.32,5,4,4,13,0,Regular Customers
15238,29,3,1071.99,4,3,4,11,0,Regular Customers
15239,10,2,780.59,5,3,3,11,0,Regular Customers
15240,44,5,1706.57,3,4,4,11,0,Regular Customers
15241,66,8,1756.44,3,5,4,12,0,Regular Customers
15243,74,1,316.68,2,1,2,5,0,Regular Customers
15244,65,2,631.57,3,3,3,9,0,Regular Customers
15245,134,3,2515.84,2,3,5,10,0,Regular Customers
15246,238,2,514.15,1,3,3,7,1,At-Risk / Inactive
15247,122,1,356.0,2,1,2,5,0,Regular Customers
15249,31,13,6688.46,4,5,5,14,3,High-Value Customers
15251,9,11,10484.99,5,5,5,15,0,Regular Customers
15252,36,2,740.78,3,3,3,9,0,Regular Customers
15253,16,5,918.2,4,4,3,11,0,Regular Customers
15254,127,1,300.36,2,1,2,5,0,Regular Customers
15255,66,1,890.85,3,1,3,7,0,Regular Customers
15256,148,1,98.45,2,1,1,4,1,At-Risk / Inactive
15257,283,1,317.15,1,1,2,4,1,At-Risk / Inactive
15258,168,2,623.16,2,3,3,8,1,At-Risk / Inactive
15260,100,7,1810.77,2,5,4,11,0,Regular Customers
15261,135,1,254.82,2,1,2,5,0,Regular Customers
15262,323,1,178.95000000000002,1,1,1,3,1,At-Risk / Inactive
15263,106,1,156.51,2,1,1,4,0,Regular Customers
15264,64,1,393.74,3,1,2,6,0,Regular Customers
15265,151,2,1506.1200000000001,2,3,4,9,1,At-Risk / Inactive
15266,338,1,119.3,1,1,1,3,1,At-Risk / Inactive
15267,22,5,1717.36,4,4,4,12,0,Regular Customers
15269,23,1,408.8,4,1,2,7,0,Regular Customers
15270,15,7,2379.49,4,5,5,14,0,Regular Customers
15271,7,15,2493.34,5,5,5,15,3,High-Value Customers
15272,57,2,721.94,3,3,3,9,0,Regular Customers
15274,4,2,716.57,5,3,3,11,0,Regular Customers
15275,37,1,615.14,3,1,3,7,0,Regular Customers
15276,66,1,128.63,3,1,1,5,0,Regular Customers
15277,46,1,255.89999999999998,3,1,2,6,0,Regular Customers
15279,354,1,290.51,1,1,2,4,1,At-Risk / Inactive
15280,172,1,113.12,2,1,1,4,1,At-Risk / Inactive
15281,58,9,2332.15,3,5,5,13,0,Regular Customers
15286,49,1,240.55,3,1,1,5,0,Regular Customers
15287,22,2,486.69,4,3,3,10,0,Regular Customers
15288,43,5,2306.52,3,4,5,12,0,Regular Customers
15289,29,3,939.78,4,3,4,11,0,Regular Customers
15290,4,18,7943.22,5,5,5,15,3,High-Value Customers
15291,25,14,4623.3,4,5,5,14,3,High-Value Customers
15292,201,1,178.39,1,1,1,3,1,At-Risk / Inactive
15296,50,6,3672.86,3,5,5,13,0,Regular Customers
15297,10,3,641.94,5,3,3,11,0,Regular Customers
15298,2,12,4799.9,5,5,5,15,0,Regular Customers
15299,67,6,3907.01,3,5,5,13,0,Regular Customers
15300,64,1,496.44,3,1,3,7,0,Regular Customers
15301,50,12,5049.95,3,5,5,13,0,Regular Customers
15303,290,1,574.02,1,1,3,5,1,At-Risk / Inactive
15304,60,8,694.4,3,5,3,11,0,Regular Customers
15306,64,3,1174.3500000000001,3,3,4,10,0,Regular Customers
15307,95,1,205.3,2,1,1,4,0,Regular Customers
15308,274,1,310.47,1,1,2,4,1,At-Risk / Inactive
15311,0,91,60632.75,5,5,5,15,2,VIP Customers
15312,75,4,924.85,2,4,4,10,0,Regular Customers
15313,110,1,52.0,2,1,1,4,0,Regular Customers
15314,199,1,327.97,1,1,2,4,1,At-Risk / Inactive
15315,64,2,570.5,3,3,3,9,0,Regular Customers
15316,326,1,165.0,1,1,1,3,1,At-Risk / Inactive
15318,3,1,312.62,5,1,2,8,0,Regular Customers
15319,283,1,204.5,1,1,1,3,1,At-Risk / Inactive
15320,44,1,267.13,3,1,2,6,0,Regular Customers
15321,70,3,2748.31,3,3,5,11,0,Regular Customers
15322,85,1,679.68,2,1,3,6,0,Regular Customers
15325,103,1,161.74,2,1,1,4,0,Regular Customers
15326,333,1,311.71,1,1,2,4,1,At-Risk / Inactive
15327,52,1,208.75,3,1,1,5,0,Regular Customers
15329,39,3,1049.7,3,3,4,10,0,Regular Customers
15330,32,2,714.9599999999999,4,3,3,10,0,Regular Customers
15332,366,4,1661.06,1,4,4,9,1,At-Risk / Inactive
15333,208,1,1028.56,1,1,4,6,1,At-Risk / Inactive
15334,156,3,347.87,2,3,2,7,1,At-Risk / Inactive
15335,53,1,170.22,3,1,1,5,0,Regular Customers
15339,66,2,574.07,3,3,3,9,0,Regular Customers
15341,80,1,2020.52,2,1,4,7,0,Regular Customers
15342,129,1,406.09000000000003,2,1,2,5,0,Regular Customers
15343,87,1,364.5,2,1,2,5,0,Regular Customers
15344,0,3,563.94,5,3,3,11,0,Regular Customers
15345,45,1,393.54,3,1,2,6,0,Regular Customers
15346,332,1,252.42000000000002,1,1,2,4,1,At-Risk / Inactive
15347,366,1,201.60000000000002,1,1,1,3,1,At-Risk / Inactive
15348,72,1,158.04,2,1,1,4,0,Regular Customers
15349,158,2,463.91,2,3,2,7,1,At-Risk / Inactive
15350,373,1,115.65,1,1,1,3,1,At-Risk / Inactive
15351,12,7,1934.66,5,5,4,14,0,Regular Customers
15353,254,2,770.12,1,3,3,7,1,At-Risk / Inactive
15355,29,2,277.05,4,3,2,9,0,Regular Customers
15356,31,10,2718.03,4,5,5,14,0,Regular Customers
15358,4,22,8347.2,5,5,5,15,3,High-Value Customers
15360,39,1,427.93,3,1,2,6,0,Regular Customers
15361,361,1,418.92,1,1,2,4,1,At-Risk / Inactive
15363,372,1,326.0,1,1,2,4,1,At-Risk / Inactive
15364,95,2,913.19,2,3,3,8,0,Regular Customers
15365,25,7,2314.32,4,5,5,14,0,Regular Customers
15366,75,2,602.51,2,3,3,8,0,Regular Customers
15367,57,4,1877.5900000000001,3,4,4,11,0,Regular Customers
15368,21,1,446.94000000000005,4,1,2,7,0,Regular Customers
15370,40,7,2386.05,3,5,5,13,0,Regular Customers
15372,137,1,2007.4,2,1,4,7,0,Regular Customers
15373,8,12,2415.91,5,5,5,15,0,Regular Customers
15374,128,1,168.0,2,1,1,4,0,Regular Customers
15376,40,3,1221.56,3,3,4,10,0,Regular Customers
15379,169,7,3703.29,2,5,5,12,1,At-Risk / Inactive
15380,8,5,1690.26,5,4,4,13,0,Regular Customers
15381,213,2,596.85,1,3,3,7,1,At-Risk / Inactive
15382,14,6,5955.71,5,5,5,15,0,Regular Customers
15384,169,2,642.41,2,3,3,8,1,At-Risk / Inactive
15385,40,1,316.88,3,1,2,6,0,Regular Customers
15386,186,1,394.14,1,1,2,4,1,At-Risk / Inactive
15388,270,1,140.54,1,1,1,3,1,At-Risk / Inactive
15389,172,1,500.0,2,1,3,6,1,At-Risk / Inactive
15392,4,4,1535.53,5,4,4,13,0,Regular Customers
15393,16,2,231.86,4,3,1,8,0,Regular Customers
15394,9,4,2183.54,5,4,5,14,0,Regular Customers
15395,325,1,107.45,1,1,1,3,1,At-Risk / Inactive
15396,112,1,288.18,2,1,2,5,0,Regular Customers
15397,289,1,94.0,1,1,1,3,1,At-Risk / Inactive
15398,16,2,1345.53,4,3,4,11,0,Regular Customers
15399,1,3,815.77,5,3,3,11,0,Regular Customers
15400,92,5,716.2,2,4,3,9,0,Regular Customers
15402,148,2,626.35,2,3,3,8,1,At-Risk / Inactive
15405,189,1,349.1,1,1,2,4,1,At-Risk / Inactive
15406,31,2,510.71000000000004,4,3,3,10,0,Regular Customers
15407,33,4,1046.74,3,4,4,11,0,Regular Customers
15408,264,1,267.18,1,1,2,4,1,At-Risk / Inactive
15410,84,8,3450.84,2,5,5,12,0,Regular Customers
15411,26,4,1348.93,4,4,4,12,0,Regular Customers
15412,171,1,190.53,2,1,1,4,1,At-Risk / Inactive
15414,9,3,774.9000000000001,5,3,3,11,0,Regular Customers
15415,313,1,559.61,1,1,3,5,1,At-Risk / Inactive
15416,64,4,3984.32,3,4,5,12,0,Regular Customers
15417,85,1,508.8,2,1,3,6,0,Regular Customers
15419,24,1,135.86,4,1,1,6,0,Regular Customers
15421,58,4,950.36,3,4,4,11,0,Regular Customers
15422,323,2,97.7,1,3,1,5,1,At-Risk / Inactive
15423,38,1,43.5,3,1,1,5,0,Regular Customers
15424,254,2,383.34,1,3,2,6,1,At-Risk / Inactive
15426,19,5,1404.07,4,4,4,12,0,Regular Customers
15427,33,3,1430.54,3,3,4,10,0,Regular Customers
15428,15,1,93.78,4,1,1,6,0,Regular Customers
15429,26,2,397.35,4,3,2,9,0,Regular Customers
15432,23,1,171.19000000000003,4,1,1,6,0,Regular Customers
15433,213,2,533.3,1,3,3,7,1,At-Risk / Inactive
15434,8,5,1041.48,5,4,4,13,0,Regular Customers
15435,22,1,149.29,4,1,1,6,0,Regular Customers
15436,12,3,1067.75,5,3,4,12,0,Regular Customers
15437,262,1,200.16,1,1,1,3,1,At-Risk / Inactive
15438,131,1,156.57999999999998,2,1,1,4,0,Regular Customers
15440,54,3,383.68,3,3,2,8,0,Regular Customers
15442,248,1,594.0,1,1,3,5,1,At-Risk / Inactive
15443,1,7,3213.59,5,5,5,15,0,Regular Customers
15444,9,2,1411.21,5,3,4,12,0,Regular Customers
15445,264,1,113.5,1,1,1,3,1,At-Risk / Inactive
15447,330,1,155.17000000000002,1,1,1,3,1,At-Risk / Inactive
15448,312,1,494.64,1,1,3,5,1,At-Risk / Inactive
15449,26,3,974.52,4,3,4,11,0,Regular Customers
15450,30,1,429.84,4,1,2,7,0,Regular Customers
15452,29,3,528.48,4,3,3,10,0,Regular Customers
15453,1,7,1371.77,5,5,4,14,0,Regular Customers
15454,362,1,179.1,1,1,1,3,1,At-Risk / Inactive
15456,283,3,434.59,1,3,2,6,1,At-Risk / Inactive
15457,262,1,237.07,1,1,1,3,1,At-Risk / Inactive
15458,25,1,161.64,4,1,1,6,0,Regular Customers
15460,354,1,214.26,1,1,1,3,1,At-Risk / Inactive
15462,94,3,234.6,2,3,1,6,0,Regular Customers
15463,29,1,126.14,4,1,1,6,0,Regular Customers
15464,338,1,1044.65,1,1,4,6,1,At-Risk / Inactive
15465,19,18,7354.62,4,5,5,14,3,High-Value Customers
15466,85,1,334.53,2,1,2,5,0,Regular Customers
15467,9,3,524.88,5,3,3,11,0,Regular Customers
15468,51,2,467.51,3,3,2,8,0,Regular Customers
15469,50,2,538.55,3,3,3,9,0,Regular Customers
15471,2,1,454.48,5,1,2,8,0,Regular Customers
15472,113,1,371.56,2,1,2,5,0,Regular Customers
15473,14,7,1771.2,5,5,4,14,0,Regular Customers
15475,77,1,454.11,2,1,2,5,0,Regular Customers
15478,40,2,1399.92,3,3,4,10,0,Regular Customers
15480,116,1,905.5,2,1,3,6,0,Regular Customers
15482,15,11,10839.76,4,5,5,14,3,High-Value Customers
15483,161,4,225.26,2,4,1,7,1,At-Risk / Inactive
15484,1,4,3590.41,5,4,5,14,0,Regular Customers
15485,30,3,2564.5,4,3,5,12,0,Regular Customers
15488,92,1,91.32000000000001,2,1,1,4,0,Regular Customers
15489,22,3,1134.28,4,3,4,11,0,Regular Customers
15491,95,6,3100.09,2,5,5,12,0,Regular Customers
15492,28,2,659.46,4,3,3,10,0,Regular Customers
15493,32,5,1953.41,4,4,4,12,0,Regular Customers
15494,21,2,1280.58,4,3,4,11,0,Regular Customers
15497,17,2,1262.2,4,3,4,11,0,Regular Customers
15498,2,27,13316.4,5,5,5,15,3,High-Value Customers
15500,8,4,1131.56,5,4,4,13,0,Regular Customers
15502,15,10,6923.98,4,5,5,14,0,Regular Customers
15503,362,1,141.04,1,1,1,3,1,At-Risk / Inactive
15504,81,1,52.83,2,1,1,4,0,Regular Customers
15505,52,5,3610.96,3,4,5,12,0,Regular Customers
15506,22,3,972.08,4,3,4,11,0,Regular Customers
15507,171,1,475.86,2,1,2,5,1,At-Risk / Inactive
15508,189,6,1000.27,1,5,4,10,1,At-Risk / Inactive
15510,330,1,250.0,1,1,2,4,1,At-Risk / Inactive
15511,11,5,900.53,5,4,3,12,0,Regular Customers
15512,155,2,121.0,2,3,1,6,1,At-Risk / Inactive
15513,33,19,14758.22,3,5,5,13,3,High-Value Customers
15514,12,11,4023.7200000000003,5,5,5,15,0,Regular Customers
15516,44,3,62.43,3,3,1,7,0,Regular Customers
15517,233,1,267.03,1,1,2,4,1,At-Risk / Inactive
15518,64,8,1921.55,3,5,4,12,0,Regular Customers
15520,1,1,343.5,5,1,2,8,0,Regular Customers
15521,40,8,3000.2,3,5,5,13,0,Regular Customers
15522,32,2,397.99,4,3,2,9,0,Regular Customers
15523,84,1,412.01000000000005,2,1,2,5,0,Regular Customers
15524,24,1,440.0,4,1,2,7,0,Regular Customers
15525,2,3,731.87,5,3,3,11,0,Regular Customers
15526,33,2,148.44,3,3,1,7,0,Regular Customers
15527,18,8,2428.53,4,5,5,14,0,Regular Customers
15528,254,1,229.33,1,1,1,3,1,At-Risk / Inactive
15529,22,11,3960.05,4,5,5,14,0,Regular Customers
15530,21,4,1497.31,4,4,4,12,0,Regular Customers
15531,8,2,1972.39,5,3,4,12,0,Regular Customers
15532,25,4,1554.83,4,4,4,12,0,Regular Customers
15533,19,3,807.57,4,3,3,10,0,Regular Customers
15535,173,4,502.9,2,4,3,9,1,At-Risk / Inactive
15537,163,1,110.92,2,1,1,4,1,At-Risk / Inactive
15539,7,1,538.46,5,1,3,9,0,Regular Customers
15540,11,1,213.3,5,1,1,7,0,Regular Customers
15541,114,1,85.13000000000001,2,1,1,4,0,Regular Customers
15543,288,1,127.86,1,1,1,3,1,At-Risk / Inactive
15544,9,9,3546.71,5,5,5,15,0,Regular Customers
15545,54,2,288.96999999999997,3,3,2,8,0,Regular Customers
15547,7,14,4910.6,5,5,5,15,3,High-Value Customers
15549,77,3,1677.71,2,3,4,9,0,Regular Customers
15550,4,4,575.63,5,4,3,12,0,Regular Customers
15551,36,1,436.06,3,1,2,6,0,Regular Customers
15552,217,1,90.12,1,1,1,3,1,At-Risk / Inactive
15553,60,1,428.93,3,1,2,6,0,Regular Customers
15554,277,1,217.2,1,1,1,3,1,At-Risk / Inactive
15555,12,16,4791.87,5,5,5,15,3,High-Value Customers
15556,24,1,279.77,4,1,2,7,0,Regular Customers
15557,28,1,468.91,4,1,2,7,0,Regular Customers
15561,11,4,800.5899999999999,5,4,3,12,0,Regular Customers
15562,351,1,134.55,1,1,1,3,1,At-Risk / Inactive
15563,22,3,1361.44,4,3,4,11,0,Regular Customers
15565,50,2,173.16000000000003,3,3,1,7,0,Regular Customers
15567,18,1,186.01,4,1,1,6,0,Regular Customers
15568,2,3,758.29,5,3,3,11,0,Regular Customers
15569,103,5,1375.71,2,4,4,10,0,Regular Customers
15570,7,12,4148.82,5,5,5,15,0,Regular Customers
15571,11,4,650.4300000000001,5,4,3,12,0,Regular Customers
15572,4,7,2533.42,5,5,5,15,0,Regular Customers
15573,31,2,583.24,4,3,3,10,0,Regular Customers
15574,177,4,675.64,2,4,3,9,1,At-Risk / Inactive
15576,37,1,921.37,3,1,3,7,0,Regular Customers
15577,151,3,258.88,2,3,2,7,1,At-Risk / Inactive
15578,162,1,127.1,2,1,1,4,1,At-Risk / Inactive
15579,68,2,327.6,3,3,2,8,0,Regular Customers
15581,156,10,717.4300000000001,2,5,3,10,0,Regular Customers
15582,24,3,682.9100000000001,4,3,3,10,0,Regular Customers
15584,23,4,720.86,4,4,3,11,0,Regular Customers
15585,176,1,455.3,2,1,2,5,1,At-Risk / Inactive
15587,50,4,913.68,3,4,3,10,0,Regular Customers
15589,255,3,478.53,1,3,2,6,1,At-Risk / Inactive
15592,46,1,388.58,3,1,2,6,0,Regular Customers
15593,70,1,199.8,3,1,1,5,0,Regular Customers
15594,15,5,1771.78,4,4,4,12,0,Regular Customers
15596,100,5,1406.59,2,4,4,10,0,Regular Customers
15597,35,1,324.57,3,1,2,6,0,Regular Customers
15598,53,1,240.68,3,1,1,5,0,Regular Customers
15599,26,2,761.74,4,3,3,10,0,Regular Customers
15601,11,14,6776.56,5,5,5,15,3,High-Value Customers
15602,8,9,1297.8700000000001,5,5,4,14,0,Regular Customers
15603,78,1,48.480000000000004,2,1,1,4,0,Regular Customers
15604,52,1,216.39000000000001,3,1,1,5,0,Regular Customers
15605,36,5,1198.23,3,4,4,11,0,Regular Customers
15606,61,9,2920.16,3,5,5,13,0,Regular Customers
15607,336,1,104.76,1,1,1,3,1,At-Risk / Inactive
15608,28,4,1093.68,4,4,4,12,0,Regular Customers
15609,184,1,298.48,1,1,2,4,1,At-Risk / Inactive
15610,51,1,112.46000000000001,3,1,1,5,0,Regular Customers
15611,9,11,1570.45,5,5,4,14,0,Regular Customers
15612,36,2,195.15,3,3,1,7,0,Regular Customers
15615,10,23,10399.74,5,5,5,15,3,High-Value Customers
15618,32,4,776.85,4,4,3,11,0,Regular Customers
15619,10,1,336.4,5,1,2,8,0,Regular Customers
15620,56,3,1553.18,3,3,4,10,0,Regular Customers
15621,4,4,1293.03,5,4,4,13,0,Regular Customers
15622,43,9,3709.56,3,5,5,13,0,Regular Customers
15623,141,1,301.03000000000003,2,1,2,5,0,Regular Customers
15624,116,4,588.13,2,4,3,9,0,Regular Customers
15625,103,4,1534.26,2,4,4,10,0,Regular Customers
15626,74,2,675.8,2,3,3,8,0,Regular Customers
15628,4,9,2870.2400000000002,5,5,5,15,0,Regular Customers
15630,45,2,1186.35,3,3,4,10,0,Regular Customers
15632,15,8,3285.31,4,5,5,14,0,Regular Customers
15634,17,1,243.55,4,1,1,6,0,Regular Customers
15636,89,2,724.76,2,3,3,8,0,Regular Customers
15637,52,1,223.36,3,1,1,5,0,Regular Customers
15639,134,1,425.32,2,1,2,5,0,Regular Customers
15640,4,15,12416.11,5,5,5,15,3,High-Value Customers
15641,105,4,1878.8,2,4,4,10,0,Regular Customers
15643,191,3,664.0,1,3,3,7,1,At-Risk / Inactive
15644,166,4,803.54,2,4,3,9,1,At-Risk / Inactive
15645,18,1,611.59,4,1,3,8,0,Regular Customers
15646,157,3,447.64000000000004,2,3,2,7,1,At-Risk / Inactive
15648,204,2,639.5,1,3,3,7,1,At-Risk / Inactive
15649,336,2,816.0,1,3,3,7,1,At-Risk / Inactive
15651,36,3,646.3,3,3,3,9,0,Regular Customers
15652,91,1,337.74,2,1,2,5,0,Regular Customers
15653,92,2,877.44,2,3,3,8,0,Regular Customers
15654,9,2,922.53,5,3,4,12,0,Regular Customers
15655,243,1,560.6700000000001,1,1,3,5,1,At-Risk / Inactive
15656,45,4,748.5,3,4,3,10,0,Regular Customers
15657,22,1,30.0,4,1,1,6,0,Regular Customers
15658,190,5,1024.1000000000001,1,4,4,9,1,At-Risk / Inactive
15659,43,1,306.45,3,1,2,6,0,Regular Customers
15660,25,9,1600.86,4,5,4,13,0,Regular Customers
15661,317,2,309.8,1,3,2,6,1,At-Risk / Inactive
15663,106,1,138.14,2,1,1,4,0,Regular Customers
15664,50,1,386.43,3,1,2,6,0,Regular Customers
15665,168,2,2222.21,2,3,5,10,1,At-Risk / Inactive
15667,39,1,301.32000000000005,3,1,2,6,0,Regular Customers
15668,217,1,76.32000000000001,1,1,1,3,1,At-Risk / Inactive
15669,40,4,684.34,3,4,3,10,0,Regular Customers
15670,296,1,173.05,1,1,1,3,1,At-Risk / Inactive
15671,18,7,2657.13,4,5,5,14,0,Regular Customers
15673,88,4,2726.23,2,4,5,11,0,Regular Customers
15674,73,4,2111.89,2,4,5,11,0,Regular Customers
15675,81,3,323.69,2,3,2,7,0,Regular Customers
15676,18,3,3435.76,4,4,5,13,0,Regular Customers
15677,49,1,657.23,3,1,3,7,0,Regular Customers
15678,52,1,352.7,3,1,2,6,0,Regular Customers
15679,24,4,781.28,4,4,3,11,0,Regular Customers
15680,9,3,1333.68,5,4,4,13,0,Regular Customers
15681,25,5,1426.16,4,4,4,12,0,Regular Customers
15683,117,1,193.75,2,1,1,4,0,Regular Customers
15687,8,9,2993.1,5,5,5,15,0,Regular Customers
15689,119,2,254.1,2,3,2,7,0,Regular Customers
15690,4,2,239.76,5,3,1,9,0,Regular Customers
15691,252,1,136.8,1,1,1,3,1,At-Risk / Inactive
15692,28,1,191.04,4,1,1,6,0,Regular Customers
15694,0,13,6464.4,5,5,5,15,3,High-Value Customers
15695,266,2,409.98,1,3,2,6,1,At-Risk / Inactive
15696,33,8,2711.11,3,5,5,13,0,Regular Customers
15699,17,1,309.65,4,1,2,7,0,Regular Customers
15700,172,2,696.68,2,3,3,8,1,At-Risk / Inactive
15701,2,4,1529.0,5,4,4,13,0,Regular Customers
15703,264,1,211.5,1,1,1,3,1,At-Risk / Inactive
15704,140,4,2293.62,2,4,5,11,0,Regular Customers
15705,201,1,143.1,1,1,1,3,1,At-Risk / Inactive
15706,63,4,1060.56,3,4,4,11,0,Regular Customers
15707,35,4,916.98,3,4,3,10,0,Regular Customers
15708,40,7,3235.25,3,5,5,13,0,Regular Customers
15709,283,1,133.25,1,1,1,3,1,At-Risk / Inactive
15712,9,5,1072.3600000000001,5,4,4,13,0,Regular Customers
15713,143,2,356.7,2,3,2,7,0,Regular Customers
15714,11,2,330.03000000000003,5,3,2,10,0,Regular Customers
15716,145,4,1101.11,2,4,4,10,0,Regular Customers
15717,234,1,150.3,1,1,1,3,1,At-Risk / Inactive
15719,32,13,5028.42,4,5,5,14,0,Regular Customers
15720,24,1,598.73,4,1,3,8,0,Regular Customers
15721,11,1,471.40000000000003,5,2,2,9,0,Regular Customers
15722,35,5,2211.21,3,4,5,12,0,Regular Customers
15723,364,1,190.70000000000002,1,2,1,4,1,At-Risk / Inactive
15724,201,2,218.25,1,3,1,5,1,At-Risk / Inactive
15725,15,1,415.25,4,2,2,8,0,Regular Customers
15727,16,7,5159.06,4,5,5,14,0,Regular Customers
15729,212,1,85.0,1,2,1,4,1,At-Risk / Inactive
15730,65,3,1120.88,3,4,4,11,0,Regular Customers
15732,212,2,294.12,1,3,2,6,1,At-Risk / Inactive
15733,282,1,162.3,1,2,1,4,1,At-Risk / Inactive
15734,114,2,1339.45,2,3,4,9,0,Regular Customers
15737,14,8,1188.1200000000001,5,5,4,14,0,Regular Customers
15738,18,16,4812.42,4,5,5,14,3,High-Value Customers
15739,66,1,449.12,3,2,2,7,0,Regular Customers
15740,49,1,154.88,3,2,1,6,0,Regular Customers
15743,16,4,775.96,4,4,3,11,0,Regular Customers
15744,77,1,34.8,2,2,1,5,0,Regular Customers
15745,19,4,1094.5900000000001,4,4,4,12,0,Regular Customers
15746,134,1,196.88,2,2,1,5,0,Regular Customers
15747,12,3,946.64,5,4,4,13,0,Regular Customers
15748,40,1,144.36,3,2,1,6,0,Regular Customers
15749,235,3,44534.3,1,4,5,10,3,High-Value Customers
15750,2,8,2463.05,5,5,5,15,0,Regular Customers
15752,39,7,2626.6,3,5,5,13,0,Regular Customers
15753,304,1,79.2,1,2,1,4,1,At-Risk / Inactive
15754,51,3,458.57,3,4,2,9,0,Regular Customers
15755,10,6,2364.25,5,5,5,15,0,Regular Customers
15756,61,4,528.01,3,4,3,10,0,Regular Customers
15757,65,2,714.42,3,3,3,9,0,Regular Customers
15758,24,1,205.25,4,2,1,7,0,Regular Customers
15759,218,3,253.04000000000002,1,4,2,7,1,At-Risk / Inactive
15762,65,2,583.75,3,3,3,9,0,Regular Customers
15763,31,2,1086.92,4,3,4,11,0,Regular Customers
15764,88,6,3279.9700000000003,2,5,5,12,0,Regular Customers
15766,64,1,315.06,3,2,2,7,0,Regular Customers
15768,115,3,621.83,2,4,3,9,0,Regular Customers
15769,7,26,56252.72,5,5,5,15,3,High-Value Customers
15773,5,1,635.6800000000001,5,2,3,10,0,Regular Customers
15774,68,1,270.8,3,2,2,7,0,Regular Customers
15775,245,1,104.9,1,2,1,4,1,At-Risk / Inactive
15776,133,1,241.62,2,2,1,5,0,Regular Customers
15777,241,4,1047.1100000000001,1,4,4,9,1,At-Risk / Inactive
15780,183,3,475.28000000000003,1,4,2,7,1,At-Risk / Inactive
15781,25,3,345.46000000000004,4,4,2,10,0,Regular Customers
15782,9,3,2614.74,5,4,5,14,0,Regular Customers
15783,10,1,246.3,5,2,1,8,0,Regular Customers
15785,32,5,2328.9700000000003,4,4,5,13,0,Regular Customers
15786,46,3,4919.0,3,4,5,12,0,Regular Customers
15787,26,3,933.26,4,4,4,12,0,Regular Customers
15789,358,1,351.3,1,2,2,5,1,At-Risk / Inactive
15790,10,1,218.75,5,2,1,8,0,Regular Customers
15791,43,2,1612.69,3,3,4,10,0,Regular Customers
15793,14,3,965.61,5,4,4,13,0,Regular Customers
15795,149,1,610.01,2,2,3,7,1,At-Risk / Inactive
15796,1,8,2707.61,5,5,5,15,0,Regular Customers
15797,113,3,2192.4,2,4,5,11,0,Regular Customers
15799,75,3,884.14,2,4,3,9,0,Regular Customers
15800,107,2,696.89,2,3,3,8,0,Regular Customers
15801,46,3,1063.95,3,4,4,11,0,Regular Customers
15803,51,1,415.82000000000005,3,2,2,7,0,Regular Customers
15804,0,13,4206.39,5,5,5,15,0,Regular Customers
15805,23,17,5488.18,4,5,5,14,3,High-Value Customers
15806,46,3,784.58,3,4,3,10,0,Regular Customers
15807,50,3,903.9,3,4,3,10,0,Regular Customers
15808,306,4,3651.27,1,4,5,10,1,At-Risk / Inactive
15809,36,5,515.77,3,4,3,10,0,Regular Customers
15810,78,4,1391.98,2,4,4,10,0,Regular Customers
15811,22,6,2218.62,4,5,5,14,0,Regular Customers
15812,107,5,1801.14,2,4,4,10,0,Regular Customers
15813,207,2,1303.9099999999999,1,3,4,8,1,At-Risk / Inactive
15814,16,4,1945.3300000000002,4,4,4,12,0,Regular Customers
15815,63,5,2100.6,3,4,5,12,0,Regular Customers
15819,49,4,1905.45,3,4,4,11,0,Regular Customers
15820,319,1,206.98,1,2,1,4,1,At-Risk / Inactive
15821,44,2,570.96,3,3,3,9,0,Regular Customers
15822,3,2,885.47,5,3,3,11,0,Regular Customers
15825,172,1,532.94,2,2,3,7,1,At-Risk / Inactive
15826,56,3,1654.31,3,4,4,11,0,Regular Customers
15827,73,14,1836.09,2,5,4,11,0,Regular Customers
15829,99,2,636.14,2,3,3,8,0,Regular Customers
15830,37,1,576.0,3,2,3,8,0,Regular Customers
15831,58,3,794.64,3,4,3,10,0,Regular Customers
15832,254,1,836.79,1,2,3,6,1,At-Risk / Inactive
15834,70,4,2222.65,3,4,5,12,0,Regular Customers
15835,44,4,954.09,3,4,4,11,0,Regular Customers
15836,50,1,137.37,3,2,1,6,0,Regular Customers
15837,64,1,391.98,3,2,2,7,0,Regular Customers
15838,11,19,33643.08,5,5,5,15,3,High-Value Customers
15839,33,3,1048.49,3,4,4,11,0,Regular Customers
15840,58,2,355.56,3,3,2,8,0,Regular Customers
15841,72,4,1224.06,2,4,4,10,0,Regular Customers
15843,303,1,118.95,1,2,1,4,1,At-Risk / Inactive
15844,46,1,130.73999999999998,3,2,1,6,0,Regular Customers
15845,17,8,3711.77,4,5,5,14,0,Regular Customers
15847,38,2,389.27,3,3,2,8,0,Regular Customers
15850,19,2,234.88,4,3,1,8,0,Regular Customers
15852,186,2,160.71,1,3,1,5,1,At-Risk / Inactive
15853,51,1,110.8,3,2,1,6,0,Regular Customers
15854,4,12,2969.12,5,5,5,15,0,Regular Customers
15855,136,5,712.24,2,4,3,9,0,Regular Customers
15856,4,27,16142.380000000001,5,5,5,15,3,High-Value Customers
15857,18,1,297.0,4,2,2,8,0,Regular Customers
15858,15,5,1427.57,4,4,4,12,0,Regular Customers
15860,40,8,965.16,3,5,4,12,0,Regular Customers
15861,12,8,3146.92,5,5,5,15,0,Regular Customers
15862,8,4,832.88,5,4,3,12,0,Regular Customers
15863,25,2,68.84,4,3,1,8,0,Regular Customers
15864,22,6,1936.32,4,5,4,13,0,Regular Customers
15865,40,3,895.13,3,4,3,10,0,Regular Customers
15866,101,1,211.89,2,2,1,5,0,Regular Customers
15867,5,15,3803.6,5,5,5,15,3,High-Value Customers
15869,277,2,149.64,1,3,1,5,1,At-Risk / Inactive
15870,32,1,351.44,4,2,2,8,0,Regular Customers
15872,14,2,316.25,5,3,2,10,0,Regular Customers
15874,63,7,4405.88,3,5,5,13,0,Regular Customers
15877,1,2,490.33,5,3,3,11,0,Regular Customers
15880,369,1,329.03,1,2,2,5,1,At-Risk / Inactive
15881,312,5,501.39,1,4,3,8,1,At-Risk / Inactive
15882,198,4,514.08,1,4,3,8,1,At-Risk / Inactive
15883,2,2,396.48,5,3,2,10,0,Regular Customers
15885,93,1,349.35,2,2,2,6,0,Regular Customers
15886,60,1,181.09,3,2,1,6,0,Regular Customers
15888,80,1,162.64,2,2,1,5,0,Regular Customers
15889,156,2,400.77,2,3,2,7,1,At-Risk / Inactive
15891,226,1,509.13,1,2,3,6,1,At-Risk / Inactive
15894,253,2,257.6,1,3,2,6,1,At-Risk / Inactive
15895,149,1,179.17,2,2,1,5,1,At-Risk / Inactive
15897,194,2,208.59,1,3,1,5,1,At-Risk / Inactive
15898,1,5,1383.83,5,4,4,13,0,Regular Customers
15899,368,1,56.25,1,2,1,4,1,At-Risk / Inactive
15900,23,1,337.28000000000003,4,2,2,8,0,Regular Customers
15901,16,3,349.75,4,4,2,10,0,Regular Customers
15903,9,7,5126.76,5,5,5,15,0,Regular Customers
15904,8,1,164.68,5,2,1,8,0,Regular Customers
15906,19,7,1567.69,4,5,4,13,0,Regular Customers
15907,3,3,881.87,5,4,3,12,0,Regular Customers
15909,173,1,191.94,2,2,1,5,1,At-Risk / Inactive
15910,0,8,1228.88,5,5,4,14,0,Regular Customers
15912,178,2,264.62,2,3,2,7,1,At-Risk / Inactive
15916,16,8,1502.8600000000001,4,5,4,13,0,Regular Customers
15917,247,1,123.1,1,2,1,4,1,At-Risk / Inactive
15918,190,2,334.23,1,3,2,6,1,At-Risk / Inactive
15919,19,2,525.69,4,3,3,10,0,Regular Customers
15920,154,3,163.55,2,4,1,7,1,At-Risk / Inactive
15921,172,1,323.03000000000003,2,2,2,6,1,At-Risk / Inactive
15922,373,1,369.5,1,2,2,5,1,At-Risk / Inactive
15923,372,1,127.08,1,2,1,4,1,At-Risk / Inactive
15925,194,1,207.15,1,2,1,4,1,At-Risk / Inactive
15930,67,1,426.63,3,2,2,7,0,Regular Customers
15932,4,8,2495.87,5,5,5,15,0,Regular Customers
15933,21,3,1107.46,4,4,4,12,0,Regular Customers
15935,239,1,108.03999999999999,1,2,1,4,1,At-Risk / Inactive
15937,64,1,145.35000000000002,3,2,1,6,0,Regular Customers
15938,112,5,404.58000000000004,2,4,2,8,0,Regular Customers
15939,89,14,6100.01,2,5,5,12,3,High-Value Customers
15940,311,1,35.8,1,2,1,4,1,At-Risk / Inactive
15942,133,1,337.44,2,2,2,6,0,Regular Customers
15944,276,1,325.1,1,2,2,5,1,At-Risk / Inactive
15945,365,1,181.0,1,2,1,4,1,At-Risk / Inactive
15947,82,1,1708.24,2,2,4,8,0,Regular Customers
15948,8,2,955.24,5,3,4,12,0,Regular Customers
15949,16,2,364.72,4,3,2,9,0,Regular Customers
15950,31,4,1744.71,4,4,4,12,0,Regular Customers
15951,8,2,708.22,5,3,3,11,0,Regular Customers
15952,33,4,781.91,3,4,3,10,0,Regular Customers
15953,15,8,1657.28,4,5,4,13,0,Regular Customers
15955,24,14,4416.26,4,5,5,14,3,High-Value Customers
15957,31,1,428.89,4,2,2,8,0,Regular Customers
15958,74,1,104.35,2,2,1,5,0,Regular Customers
15963,19,2,470.76,4,3,2,9,0,Regular Customers
15965,17,4,808.87,4,4,3,11,0,Regular Customers
15967,23,2,397.68,4,3,2,9,0,Regular Customers
15969,2,3,666.1,5,4,3,12,0,Regular Customers
15970,303,1,314.09999999999997,1,2,2,5,1,At-Risk / Inactive
15971,17,12,4194.9,4,5,5,14,0,Regular Customers
15973,366,1,307.82000000000005,1,2,2,5,1,At-Risk / Inactive
15974,39,7,3442.15,3,5,5,13,0,Regular Customers
15975,84,1,371.01,2,2,2,6,0,Regular Customers
15976,165,2,427.64,2,3,2,7,1,At-Risk / Inactive
15977,17,2,1054.73,4,3,4,11,0,Regular Customers
15978,77,1,1098.78,2,2,4,8,0,Regular Customers
15980,88,3,2398.86,2,4,5,11,0,Regular Customers
15981,24,8,3408.48,4,5,5,14,0,Regular Customers
15983,22,4,1465.12,4,4,4,12,0,Regular Customers
15984,2,10,2780.63,5,5,5,15,0,Regular Customers
15985,123,2,1142.42,2,3,4,9,0,Regular Customers
15986,30,1,168.12,4,2,1,7,0,Regular Customers
15987,12,7,1432.77,5,5,4,14,0,Regular Customers
15988,19,1,156.78,4,2,1,7,0,Regular Customers
15990,44,2,792.11,3,3,3,9,0,Regular Customers
15992,3,1,41.989999999999995,5,2,1,8,0,Regular Customers
15993,8,7,2768.97,5,5,5,15,0,Regular Customers
15994,54,1,414.27,3,2,2,7,0,Regular Customers
15996,88,6,1032.58,2,5,4,11,0,Regular Customers
15998,36,5,3080.22,3,4,5,12,0,Regular Customers
16000,2,3,12393.7,5,4,5,14,0,Regular Customers
16003,29,5,2735.37,4,4,5,13,0,Regular Customers
16005,12,4,578.71,5,4,3,12,0,Regular Customers
16006,211,1,101.4,1,2,1,4,1,At-Risk / Inactive
16007,47,4,1693.81,3,4,4,11,0,Regular Customers
16008,23,3,478.78,4,4,2,10,0,Regular Customers
16009,22,4,972.11,4,4,4,12,0,Regular Customers
16010,245,3,392.4,1,4,2,7,1,At-Risk / Inactive
16011,8,16,3352.96,5,5,5,15,3,High-Value Customers
16012,35,3,1415.29,3,4,4,11,0,Regular Customers
16013,3,47,37130.6,5,5,5,15,3,High-Value Customers
16014,37,3,646.83,3,4,3,10,0,Regular Customers
16015,3,3,704.26,5,4,3,12,0,Regular Customers
16016,3,8,1465.51,5,5,4,14,0,Regular Customers
16017,47,1,211.88,3,2,1,6,0,Regular Customers
16018,39,2,408.9,3,3,2,8,0,Regular Customers
16019,46,9,3786.24,3,5,5,13,0,Regular Customers
16020,16,3,851.01,4,4,3,11,0,Regular Customers
16022,260,1,602.63,1,2,3,6,1,At-Risk / Inactive
16023,46,3,719.81,3,4,3,10,0,Regular Customers
16024,12,1,245.75,5,2,1,8,0,Regular Customers
16025,29,1,439.65999999999997,4,2,2,8,0,Regular Customers
16026,43,1,236.09,3,2,1,6,0,Regular Customers
16027,91,6,934.62,2,5,4,11,0,Regular Customers
16029,38,62,72708.09,3,5,5,13,2,VIP Customers
16030,309,1,331.24,1,2,2,5,1,At-Risk / Inactive
16031,92,2,547.9,2,3,3,8,0,Regular Customers
16033,5,20,8778.82,5,5,5,15,3,High-Value Customers
16034,196,3,437.70000000000005,1,4,2,7,1,At-Risk / Inactive
16036,87,2,758.9200000000001,2,3,3,8,0,Regular Customers
16037,269,3,855.02,1,4,3,8,1,At-Risk / Inactive
16038,7,3,471.78,5,4,2,11,0,Regular Customers
16040,65,3,1313.55,3,4,4,11,0,Regular Customers
16041,30,3,3166.4,4,4,5,13,0,Regular Customers
16042,22,5,1177.47,4,4,4,12,0,Regular Customers
16043,37,4,773.99,3,4,3,10,0,Regular Customers
16045,119,4,1340.7,2,4,4,10,0,Regular Customers
16048,373,2,256.44,1,3,2,6,1,At-Risk / Inactive
16049,40,3,1074.81,3,4,4,11,0,Regular Customers
16050,173,1,137.9,2,2,1,5,1,At-Risk / Inactive
16052,54,1,362.06,3,2,2,7,0,Regular Customers
16053,32,2,1511.95,4,3,4,11,0,Regular Customers
16054,145,1,783.9,2,2,3,7,1,At-Risk / Inactive
16055,220,1,134.8,1,2,1,4,1,At-Risk / Inactive
16056,45,1,650.75,3,2,3,8,0,Regular Customers
16057,16,7,2263.12,4,5,5,14,0,Regular Customers
16059,65,6,1453.16,3,5,4,12,0,Regular Customers
16062,9,4,1153.62,5,4,4,13,0,Regular Customers
16063,260,1,335.32,1,2,2,5,1,At-Risk / Inactive
16065,365,1,367.14,1,2,2,5,1,At-Risk / Inactive
16066,16,5,1521.04,4,4,4,12,0,Regular Customers
16070,22,2,852.15,4,3,3,10,0,Regular Customers
16071,44,1,326.24,3,2,2,7,0,Regular Customers
16072,288,1,584.3199999999999,1,2,3,6,1,At-Risk / Inactive
16073,297,1,122.4,1,2,1,4,1,At-Risk / Inactive
16076,3,10,2234.73,5,5,5,15,0,Regular Customers
16078,283,1,79.2,1,2,1,4,1,At-Risk / Inactive
16079,16,3,1352.0,4,4,4,12,0,Regular Customers
16080,81,2,217.16,2,3,1,6,0,Regular Customers
16081,56,5,2799.42,3,4,5,12,0,Regular Customers
16083,100,2,1317.62,2,3,4,9,0,Regular Customers
16084,299,1,436.18,1,2,2,5,1,At-Risk / Inactive
16085,23,5,981.51,4,4,4,12,0,Regular Customers
16086,59,5,1121.39,3,4,4,11,0,Regular Customers
16091,154,2,315.06,2,3,2,7,1,At-Risk / Inactive
16092,114,3,817.86,2,4,3,9,0,Regular Customers
16093,106,1,17.0,2,2,1,5,0,Regular Customers
16094,11,4,1078.23,5,4,4,13,0,Regular Customers
16096,264,1,320.62,1,2,2,5,1,At-Risk / Inactive
16097,240,1,185.04999999999998,1,2,1,4,1,At-Risk / Inactive
16098,87,7,2005.63,2,5,4,11,0,Regular Customers
16099,50,3,731.9,3,4,3,10,0,Regular Customers
16101,70,1,1290.7,3,2,4,9,0,Regular Customers
16102,42,3,1842.14,3,4,4,11,0,Regular Customers
16103,7,6,1429.64,5,5,4,14,0,Regular Customers
16104,61,1,298.21,3,2,2,7,0,Regular Customers
16105,248,1,336.96,1,2,2,5,1,At-Risk / Inactive
16106,65,1,108.38,3,2,1,6,0,Regular Customers
16107,17,7,3204.1600000000003,4,5,5,14,0,Regular Customers
16108,84,1,842.5,2,2,3,7,0,Regular Customers
16109,218,2,611.88,1,3,3,7,1,At-Risk / Inactive
16110,45,3,1320.95,3,4,4,11,0,Regular Customers
16112,143,4,195.74,2,4,1,7,0,Regular Customers
16113,183,1,161.38,1,2,1,4,1,At-Risk / Inactive
16114,170,1,135.75000000000003,2,2,1,5,1,At-Risk / Inactive
16115,9,8,1660.8799999999999,5,5,4,14,0,Regular Customers
16116,211,1,612.78,1,2,3,6,1,At-Risk / Inactive
16117,189,1,232.21,1,2,1,4,1,At-Risk / Inactive
16119,8,2,423.36,5,3,2,10,0,Regular Customers
16120,59,4,1309.14,3,4,4,11,0,Regular Customers
16121,57,2,854.66,3,3,3,9,0,Regular Customers
16122,73,4,684.42,2,4,3,9,0,Regular Customers
16123,51,1,307.78000000000003,3,2,2,7,0,Regular Customers
16124,317,1,249.0,1,2,2,5,1,At-Risk / Inactive
16125,367,1,289.35,1,2,2,5,1,At-Risk / Inactive
16126,29,4,6287.77,4,4,5,13,0,Regular Customers
16127,39,1,656.25,3,2,3,8,0,Regular Customers
16128,17,5,1880.22,4,4,4,12,0,Regular Customers
16131,51,6,3506.54,3,5,5,13,0,Regular Customers
16133,3,33,14589.04,5,5,5,15,3,High-Value Customers
16134,21,2,618.09,4,3,3,10,0,Regular Customers
16135,262,1,517.55,1,2,3,6,1,At-Risk / Inactive
16136,59,3,709.38,3,4,3,10,0,Regular Customers
16139,18,3,635.4100000000001,4,4,3,11,0,Regular Customers
16140,65,2,725.1800000000001,3,3,3,9,0,Regular Customers
16141,88,1,620.4,2,2,3,7,0,Regular Customers
16142,249,1,535.34,1,2,3,6,1,At-Risk / Inactive
16143,3,6,2424.94,5,5,5,15,0,Regular Customers
16144,246,1,175.2,1,2,1,4,1,At-Risk / Inactive
16145,8,11,3799.4900000000002,5,5,5,15,0,Regular Customers
16146,157,3,734.13,2,4,3,9,1,At-Risk / Inactive
16147,133,1,375.0,2,2,2,6,0,Regular Customers
16148,296,1,76.32000000000001,1,2,1,4,1,At-Risk / Inactive
16149,4,2,280.52,5,3,2,10,0,Regular Customers
16150,42,5,2053.02,3,4,5,12,0,Regular Customers
16152,268,1,1829.04,1,2,4,7,1,At-Risk / Inactive
16153,49,5,1824.23,3,4,4,11,0,Regular Customers
16156,8,9,3092.04,5,5,5,15,0,Regular Customers
16157,15,3,656.69,4,4,3,11,0,Regular Customers
16159,281,1,348.2,1,2,2,5,1,At-Risk / Inactive
16160,65,2,1025.44,3,3,4,10,0,Regular Customers
16161,1,19,5533.67,5,5,5,15,3,High-Value Customers
16162,252,1,37.4,1,2,1,4,1,At-Risk / Inactive
16163,232,2,856.6,1,3,3,7,1,At-Risk / Inactive
16164,17,3,822.48,4,4,3,11,0,Regular Customers
16168,10,27,3787.6,5,5,5,15,3,High-Value Customers
16169,8,4,1822.97,5,4,4,13,0,Regular Customers
16170,50,6,1885.05,3,5,4,12,0,Regular Customers
16171,59,1,73.19999999999999,3,2,1,6,0,Regular Customers
16172,95,5,1140.21,2,4,4,10,0,Regular Customers
16173,15,6,1418.32,4,5,4,13,0,Regular Customers
16174,126,3,1009.55,2,4,4,10,0,Regular Customers
16175,94,4,1037.5900000000001,2,4,4,10,0,Regular Customers
16177,50,1,331.95,3,2,2,7,0,Regular Customers
16178,138,1,197.9,2,2,1,5,0,Regular Customers
16179,60,1,215.83,3,2,1,6,0,Regular Customers
16180,100,8,10254.18,2,5,5,12,0,Regular Customers
16181,73,1,305.54,2,2,2,6,0,Regular Customers
16182,72,4,6617.65,2,4,5,11,0,Regular Customers
16183,67,1,338.71000000000004,3,2,2,7,0,Regular Customers
16184,64,6,1158.79,3,5,4,12,0,Regular Customers
16185,16,2,529.41,4,3,3,10,0,Regular Customers
16186,22,12,4006.94,4,5,5,14,0,Regular Customers
16187,31,15,6911.4400000000005,4,5,5,14,3,High-Value Customers
16188,44,4,981.86,3,4,4,11,0,Regular Customers
16189,15,2,215.48,4,3,1,8,0,Regular Customers
16190,40,1,215.08,3,2,1,6,0,Regular Customers
16191,2,13,5180.52,5,5,5,15,0,Regular Customers
16193,236,1,314.45,1,2,2,5,1,At-Risk / Inactive
16198,75,1,400.68,2,2,2,6,0,Regular Customers
16200,4,2,1068.8700000000001,5,3,4,12,0,Regular Customers
16201,3,4,1863.47,5,4,4,13,0,Regular Customers
16202,360,1,365.27,1,2,2,5,1,At-Risk / Inactive
16203,58,4,592.9,3,4,3,10,0,Regular Customers
16204,23,1,384.18,4,2,2,8,0,Regular Customers
16205,30,4,751.03,4,4,3,11,0,Regular Customers
16206,54,4,537.0600000000001,3,4,3,10,0,Regular Customers
16207,25,1,394.38,4,2,2,8,0,Regular Customers
16208,44,2,664.26,3,3,3,9,0,Regular Customers
16209,88,5,2262.62,2,4,5,11,0,Regular Customers
16210,1,17,21076.3,5,5,5,15,3,High-Value Customers
16211,88,1,547.02,2,2,3,7,0,Regular Customers
16212,19,2,690.34,4,3,3,10,0,Regular Customers
16213,78,1,159.0,2,2,1,5,0,Regular Customers
16214,170,3,1062.75,2,4,4,10,1,At-Risk / Inactive
16215,80,1,242.35,2,2,1,5,0,Regular Customers
16216,267,1,914.9300000000001,1,2,3,6,1,At-Risk / Inactive
16217,235,2,304.25,1,3,2,6,1,At-Risk / Inactive
16218,29,7,3084.68,4,5,5,14,0,Regular Customers
16221,36,3,860.86,3,4,3,10,0,Regular Customers
16222,318,1,773.55,1,2,3,6,1,At-Risk / Inactive
16224,57,4,1295.3,3,4,4,11,0,Regular Customers
16225,44,5,1096.32,3,4,4,11,0,Regular Customers
16226,203,3,255.12,1,4,2,7,1,At-Risk / Inactive
16227,225,1,314.22,1,2,2,5,1,At-Risk / Inactive
16229,87,2,1010.6,2,3,4,9,0,Regular Customers
16230,189,2,542.03,1,3,3,7,1,At-Risk / Inactive
16232,43,4,990.88,3,4,4,11,0,Regular Customers
16233,71,3,536.6800000000001,3,4,3,10,0,Regular Customers
16235,40,4,857.3100000000001,3,4,3,10,0,Regular Customers
16236,78,1,432.2,2,2,2,6,0,Regular Customers
16239,56,2,414.2,3,3,2,8,0,Regular Customers
16240,24,2,3718.8,4,3,5,12,0,Regular Customers
16241,9,13,2590.31,5,5,5,15,0,Regular Customers
16242,8,7,3579.86,5,5,5,15,0,Regular Customers
16243,33,2,409.1,3,3,2,8,0,Regular Customers
16244,211,2,1522.75,1,3,4,8,1,At-Risk / Inactive
16245,23,3,1413.66,4,4,4,12,0,Regular Customers
16247,170,1,114.56,2,2,1,5,1,At-Risk / Inactive
16248,61,1,152.94,3,2,1,6,0,Regular Customers
16249,52,5,1800.07,3,4,4,11,0,Regular Customers
16250,261,2,389.44,1,3,2,6,1,At-Risk / Inactive
16253,66,2,3683.86,3,3,5,11,0,Regular Customers
16255,16,8,2619.91,4,5,5,14,0,Regular Customers
16256,266,1,752.4300000000001,1,2,3,6,1,At-Risk / Inactive
16257,176,1,21.95,2,2,1,5,1,At-Risk / Inactive
16258,45,5,5203.51,3,4,5,12,0,Regular Customers
16260,50,1,1035.45,3,2,4,9,0,Regular Customers
16261,17,4,726.04,4,4,3,11,0,Regular Customers
16265,9,9,5347.0,5,5,5,15,0,Regular Customers
16266,73,7,861.89,2,5,3,10,0,Regular Customers
16268,71,2,617.65,3,3,3,9,0,Regular Customers
16270,353,1,1141.24,1,2,4,7,1,At-Risk / Inactive
16271,15,4,1389.64,4,4,4,12,0,Regular Customers
16272,116,1,411.7,2,2,2,6,0,Regular Customers
16274,373,1,331.55,1,2,2,5,1,At-Risk / Inactive
16275,196,1,559.87,1,2,3,6,1,At-Risk / Inactive
16276,176,1,810.6,2,2,3,7,1,At-Risk / Inactive
16278,100,1,566.38,2,2,3,7,0,Regular Customers
16279,21,3,1502.78,4,4,4,12,0,Regular Customers
16281,72,1,2062.06,2,2,5,9,0,Regular Customers
16282,339,1,168.3,1,2,1,4,1,At-Risk / Inactive
16283,5,5,1569.11,5,4,4,13,0,Regular Customers
16284,31,2,812.68,4,3,3,10,0,Regular Customers
16287,169,1,142.5,2,2,1,5,1,At-Risk / Inactive
16292,121,1,302.25,2,2,2,6,0,Regular Customers
16293,21,10,2248.9900000000002,4,5,5,14,0,Regular Customers
16295,9,4,1328.55,5,4,4,13,0,Regular Customers
16297,268,1,301.9,1,2,2,5,1,At-Risk / Inactive
16298,22,3,598.2,4,4,3,11,0,Regular Customers
16302,126,1,233.22,2,2,1,5,0,Regular Customers
16303,25,3,5360.63,4,4,5,13,0,Regular Customers
16305,138,1,361.22,2,2,2,6,0,Regular Customers
16306,213,6,632.27,1,5,3,9,1,At-Risk / Inactive
16308,37,4,2560.0,3,4,5,12,0,Regular Customers
16309,106,2,706.57,2,3,3,8,0,Regular Customers
16311,17,2,616.26,4,3,3,10,0,Regular Customers
16313,3,2,274.15000000000003,5,3,2,10,0,Regular Customers
16315,330,1,226.37,1,2,1,4,1,At-Risk / Inactive
16316,64,8,2938.91,3,5,5,13,0,Regular Customers
16317,119,3,1341.65,2,4,4,10,0,Regular Customers
16318,35,1,328.15000000000003,3,2,2,7,0,Regular Customers
16319,217,1,404.40000000000003,1,2,2,5,1,At-Risk / Inactive
16320,172,2,1038.46,2,3,4,9,1,At-Risk / Inactive
16321,72,5,373.65000000000003,2,4,2,8,0,Regular Customers
16322,1,2,326.75,5,3,2,10,0,Regular Customers
16323,196,1,207.50000000000003,1,2,1,4,1,At-Risk / Inactive
16324,128,3,408.59000000000003,2,4,2,8,0,Regular Customers
16325,46,3,594.24,3,4,3,10,0,Regular Customers
16326,5,14,3039.2200000000003,5,5,5,15,0,Regular Customers
16327,14,6,3789.67,5,5,5,15,0,Regular Customers
16330,17,3,251.91,4,4,2,10,0,Regular Customers
16332,28,7,1582.8,4,5,4,13,0,Regular Customers
16333,7,22,26626.8,5,5,5,15,3,High-Value Customers
16337,36,1,151.05,3,2,1,6,0,Regular Customers
16338,157,1,214.8,2,2,1,5,1,At-Risk / Inactive
16339,284,1,94.05,1,2,1,4,1,At-Risk / Inactive
16340,107,1,534.31,2,2,3,7,0,Regular Customers
16341,24,4,1971.8700000000001,4,4,4,12,0,Regular Customers
16342,75,4,322.41,2,4,2,8,0,Regular Customers
16343,16,2,328.58,4,3,2,9,0,Regular Customers
16344,158,1,101.10000000000001,2,2,1,5,1,At-Risk / Inactive
16345,44,1,565.46,3,2,3,8,0,Regular Customers
16347,11,2,847.45,5,3,3,11,0,Regular Customers
16348,32,7,1413.31,4,5,4,13,0,Regular Customers
16349,290,1,53.5,1,2,1,4,1,At-Risk / Inactive
16350,21,4,1116.47,4,4,4,12,0,Regular Customers
16351,332,1,153.9,1,2,1,4,1,At-Risk / Inactive
16352,17,2,494.44,4,3,3,10,0,Regular Customers
16353,3,23,6675.71,5,5,5,15,3,High-Value Customers
16354,63,2,395.8,3,3,2,8,0,Regular Customers
16356,197,3,211.77,1,4,1,6,1,At-Risk / Inactive
16357,33,3,658.88,3,4,3,10,0,Regular Customers
16358,1,4,2027.5,5,4,4,13,0,Regular Customers
16359,7,9,1750.92,5,5,4,14,0,Regular Customers
16360,4,6,3450.41,5,5,5,15,0,Regular Customers
16361,9,4,891.21,5,4,3,12,0,Regular Customers
16362,32,5,709.99,4,4,3,11,0,Regular Customers
16363,53,1,109.36000000000001,3,2,1,6,0,Regular Customers
16364,11,2,705.79,5,3,3,11,0,Regular Customers
16365,17,9,1540.42,4,5,4,13,0,Regular Customers
16366,18,1,327.3,4,2,2,8,0,Regular Customers
16367,37,2,800.67,3,3,3,9,0,Regular Customers
16368,2,2,479.91,5,3,2,10,0,Regular Customers
16369,18,3,1543.33,4,4,4,12,0,Regular Customers
16370,82,4,1301.91,2,4,4,10,0,Regular Customers
16372,33,2,355.73,3,3,2,8,0,Regular Customers
16374,66,2,458.78,3,3,2,8,0,Regular Customers
16376,8,2,974.96,5,3,4,12,0,Regular Customers
16377,267,1,676.2,1,2,3,6,1,At-Risk / Inactive
16378,247,3,362.95,1,4,2,7,1,At-Risk / Inactive
16379,4,4,2157.4,5,4,5,14,0,Regular Customers
16380,61,1,1743.1499999999999,3,2,4,9,0,Regular Customers
16383,74,2,643.76,2,3,3,8,0,Regular Customers
16384,89,2,584.5,2,3,3,8,0,Regular Customers
16385,60,3,554.86,3,4,3,10,0,Regular Customers
16386,28,2,302.57,4,3,2,9,0,Regular Customers
16387,322,1,94.36,1,2,1,4,1,At-Risk / Inactive
16389,53,4,1382.0700000000002,3,4,4,11,0,Regular Customers
16392,269,1,217.89000000000001,1,2,1,4,1,At-Risk / Inactive
16393,2,13,3040.96,5,5,5,15,0,Regular Customers
16394,56,5,1555.34,3,4,4,11,0,Regular Customers
16395,60,5,1482.06,3,4,4,11,0,Regular Customers
16398,154,2,1705.8,2,3,4,9,1,At-Risk / Inactive
16399,19,2,406.22,4,3,2,9,0,Regular Customers
16400,94,1,303.93,2,2,2,6,0,Regular Customers
16401,1,12,4098.32,5,5,5,15,0,Regular Customers
16402,264,2,293.45,1,3,2,6,1,At-Risk / Inactive
16403,312,1,177.5,1,2,1,4,1,At-Risk / Inactive
16404,70,1,443.05,3,2,2,7,0,Regular Customers
16405,302,2,167.25,1,3,1,5,1,At-Risk / Inactive
16406,18,1,154.35,4,2,1,7,0,Regular Customers
16407,12,10,2079.68,5,5,5,15,0,Regular Customers
16409,36,5,2022.98,3,4,4,11,0,Regular Customers
16411,19,2,211.7,4,3,1,8,0,Regular Customers
16412,53,1,135.99,3,2,1,6,0,Regular Customers
16413,56,1,262.2,3,2,2,7,0,Regular Customers
16414,21,2,126.25,4,3,1,8,0,Regular Customers
16415,44,1,200.27,3,2,1,6,0,Regular Customers
16416,26,3,1051.4,4,4,4,12,0,Regular Customers
16418,44,3,631.12,3,4,3,10,0,Regular Customers
16419,112,6,958.71,2,5,4,11,0,Regular Customers
16422,17,51,34684.4,4,5,5,14,3,High-Value Customers
16423,24,1,346.12,4,2,2,8,0,Regular Customers
16424,191,1,133.56,1,2,1,4,1,At-Risk / Inactive
16425,302,1,302.7,1,2,2,5,1,At-Risk / Inactive
16426,2,10,1862.51,5,5,4,14,0,Regular Customers
16427,263,2,241.06,1,3,1,5,1,At-Risk / Inactive
16429,106,1,284.55,2,2,2,6,0,Regular Customers
16430,57,1,300.85,3,2,2,7,0,Regular Customers
16431,213,3,623.28,1,4,3,8,1,At-Risk / Inactive
16432,64,1,287.40000000000003,3,2,2,7,0,Regular Customers
16433,28,1,184.26,4,2,1,7,0,Regular Customers
16434,29,7,1511.8,4,5,4,13,0,Regular Customers
16438,5,5,798.35,5,4,3,12,0,Regular Customers
16440,7,5,3640.67,5,4,5,14,0,Regular Customers
16441,67,2,381.2,3,3,2,8,0,Regular Customers
16442,1,3,609.3,5,4,3,12,0,Regular Customers
16444,46,4,654.67,3,4,3,10,0,Regular Customers
16445,33,1,230.51,3,2,1,6,0,Regular Customers
16446,0,2,168472.5,5,3,5,13,2,VIP Customers
16447,135,1,255.91,2,2,2,6,0,Regular Customers
16448,198,1,182.99,1,2,1,4,1,At-Risk / Inactive
16449,197,2,707.69,1,3,3,7,1,At-Risk / Inactive
16450,149,1,311.92,2,2,2,6,1,At-Risk / Inactive
16451,87,1,266.97,2,2,2,6,0,Regular Customers
16454,64,1,5.9,3,2,1,6,0,Regular Customers
16455,63,7,1841.18,3,5,4,12,0,Regular Customers
16456,99,5,2158.18,2,4,5,11,0,Regular Customers
16457,218,1,208.36,1,2,1,4,1,At-Risk / Inactive
16458,2,18,3482.7400000000002,5,5,5,15,3,High-Value Customers
16460,28,3,811.23,4,4,3,11,0,Regular Customers
16461,177,1,142.92,2,2,1,5,1,At-Risk / Inactive
16462,73,3,136.0,2,4,1,7,0,Regular Customers
16463,21,4,1422.4,4,4,4,12,0,Regular Customers
16464,19,3,1298.66,4,4,4,12,0,Regular Customers
16466,33,7,1595.96,3,5,4,12,0,Regular Customers
16468,74,1,74.9,2,2,1,5,0,Regular Customers
16469,23,4,625.42,4,4,3,11,0,Regular Customers
16470,51,4,752.77,3,4,3,10,0,Regular Customers
16471,274,1,223.95000000000002,1,2,1,4,1,At-Risk / Inactive
16473,164,3,316.11,2,4,2,8,1,At-Risk / Inactive
16474,7,7,1810.49,5,5,4,14,0,Regular Customers
16475,88,4,544.3,2,4,3,9,0,Regular Customers
16477,63,7,2494.46,3,5,5,13,0,Regular Customers
16478,25,3,331.0,4,4,2,10,0,Regular Customers
16479,10,2,300.83,5,3,2,10,0,Regular Customers
16480,75,1,769.29,2,2,3,7,0,Regular Customers
16482,15,1,220.62,4,2,1,7,0,Regular Customers
16483,192,1,139.35,1,2,1,4,1,At-Risk / Inactive
16484,173,2,404.3,2,3,2,7,1,At-Risk / Inactive
16485,77,1,363.65,2,2,2,6,0,Regular Customers
16488,33,3,498.8,3,4,3,10,0,Regular Customers
16491,46,1,731.5,3,2,3,8,0,Regular Customers
16493,79,4,1351.63,2,4,4,10,0,Regular Customers
16494,296,1,826.53,1,2,3,6,1,At-Risk / Inactive
16495,3,3,648.26,5,4,3,12,0,Regular Customers
16496,8,3,1599.52,5,4,4,13,0,Regular Customers
16497,49,6,2965.69,3,5,5,13,0,Regular Customers
16498,161,2,100.97,2,3,1,6,1,At-Risk / Inactive
16499,360,2,365.45,1,3,2,6,1,At-Risk / Inactive
16500,4,6,400.86,5,5,2,12,0,Regular Customers
16503,106,4,1431.93,2,4,4,10,0,Regular Customers
16504,25,1,465.88,4,2,2,8,0,Regular Customers
16505,31,1,777.6,4,2,3,9,0,Regular Customers
16506,19,2,90.30000000000001,4,3,1,8,0,Regular Customers
16509,296,1,363.70000000000005,1,2,2,5,1,At-Risk / Inactive
16510,372,1,248.1,1,2,2,5,1,At-Risk / Inactive
16511,21,3,916.33,4,4,3,11,0,Regular Customers
16513,4,4,874.59,5,4,3,12,0,Regular Customers
16515,52,5,1624.14,3,4,4,11,0,Regular Customers
16516,30,1,101.69999999999999,4,2,1,7,0,Regular Customers
16517,277,1,162.70000000000002,1,2,1,4,1,At-Risk / Inactive
16518,61,2,484.32,3,3,3,9,0,Regular Customers
16519,25,2,212.98,4,3,1,8,0,Regular Customers
16520,186,3,1046.57,1,4,4,9,1,At-Risk / Inactive
16523,1,21,9408.470000000001,5,5,5,15,3,High-Value Customers
16525,2,26,13027.45,5,5,5,15,3,High-Value Customers
16526,171,1,290.36,2,2,2,6,1,At-Risk / Inactive
16527,81,1,228.06,2,2,1,5,0,Regular Customers
16528,3,1,244.41,5,2,1,8,0,Regular Customers
16529,190,1,455.25,1,2,2,5,1,At-Risk / Inactive
16531,22,7,1244.59,4,5,4,13,0,Regular Customers
16532,17,3,6748.8,4,4,5,13,0,Regular Customers
16533,19,3,1082.81,4,4,4,12,0,Regular Customers
16535,5,1,593.75,5,2,3,10,0,Regular Customers
16536,110,1,548.12,2,2,3,7,0,Regular Customers
16539,2,4,1388.81,5,4,4,13,0,Regular Customers
16542,53,1,119.62,3,2,1,6,0,Regular Customers
16545,164,1,339.3,2,2,2,6,1,At-Risk / Inactive
16546,290,2,787.15,1,3,3,7,1,At-Risk / Inactive
16549,10,10,4034.9,5,5,5,15,0,Regular Customers
16550,108,5,2298.97,2,4,5,11,0,Regular Customers
16551,95,3,922.12,2,4,4,10,0,Regular Customers
16552,242,2,379.73,1,3,2,6,1,At-Risk / Inactive
16553,163,12,5719.82,2,5,5,12,0,Regular Customers
16554,42,3,837.1,3,4,3,10,0,Regular Customers
16555,35,2,285.89,3,3,2,8,0,Regular Customers
16556,66,7,3313.79,3,5,5,13,0,Regular Customers
16557,24,2,281.85,4,3,2,9,0,Regular Customers
16558,0,20,8338.49,5,5,5,15,3,High-Value Customers
16560,26,2,841.41,4,3,3,10,0,Regular Customers
16561,5,2,511.12,5,3,3,11,0,Regular Customers
16563,53,1,1077.74,3,2,4,9,0,Regular Customers
16565,364,1,173.7,1,2,1,4,1,At-Risk / Inactive
16566,15,5,614.66,4,4,3,11,0,Regular Customers
16567,194,2,865.6,1,3,3,7,1,At-Risk / Inactive
16569,3,1,124.2,5,2,1,8,0,Regular Customers
16570,15,10,3738.4,4,5,5,14,0,Regular Customers
16571,26,3,1421.69,4,4,4,12,0,Regular Customers
16572,127,3,1009.6,2,4,4,10,0,Regular Customers
16573,84,2,663.61,2,3,3,8,0,Regular Customers
16574,71,1,451.44,3,2,2,7,0,Regular Customers
16581,182,1,105.84,1,2,1,4,1,At-Risk / Inactive
16582,113,1,313.62,2,2,2,6,0,Regular Customers
16583,373,1,233.45,1,2,1,4,1,At-Risk / Inactive
16584,80,2,936.08,2,3,4,9,0,Regular Customers
16586,248,1,463.95,1,2,2,5,1,At-Risk / Inactive
16587,232,1,225.15,1,2,1,4,1,At-Risk / Inactive
16589,71,3,459.24,3,4,2,9,0,Regular Customers
16591,68,1,213.5,3,2,1,6,0,Regular Customers
16592,4,16,4113.68,5,5,5,15,3,High-Value Customers
16593,50,3,330.03,3,4,2,9,0,Regular Customers
16594,75,1,181.09,2,2,1,5,0,Regular Customers
16595,61,1,360.16,3,2,2,7,0,Regular Customers
16596,15,2,250.15,4,3,2,9,0,Regular Customers
16597,4,1,90.04,5,2,1,8,0,Regular Customers
16598,285,1,145.05,1,2,1,4,1,At-Risk / Inactive
16600,4,6,813.52,5,5,3,13,0,Regular Customers
16601,40,1,241.53,3,2,1,6,0,Regular Customers
16602,36,1,528.08,3,2,3,8,0,Regular Customers
16603,74,2,482.47,2,3,3,8,0,Regular Customers
16607,17,14,3347.71,4,5,5,14,0,Regular Customers
16609,15,7,5493.46,4,5,5,14,0,Regular Customers
16610,219,1,75.66,1,2,1,4,1,At-Risk / Inactive
16611,186,1,129.49,1,2,1,4,1,At-Risk / Inactive
16612,32,4,1187.66,4,4,4,12,0,Regular Customers
16613,70,1,618.59,3,2,3,8,0,Regular Customers
16614,182,1,506.19,1,2,3,6,1,At-Risk / Inactive
16616,15,2,500.42,4,3,3,10,0,Regular Customers
16617,235,1,151.85,1,2,1,4,1,At-Risk / Inactive
16618,31,5,2647.59,4,4,5,13,0,Regular Customers
16619,263,1,226.21,1,2,1,4,1,At-Risk / Inactive
16620,3,2,178.96,5,3,1,9,0,Regular Customers
16621,51,4,813.48,3,4,3,10,0,Regular Customers
16623,245,1,129.45000000000002,1,2,1,4,1,At-Risk / Inactive
16624,80,2,810.57,2,3,3,8,0,Regular Customers
16625,274,1,333.08,1,2,2,5,1,At-Risk / Inactive
16626,0,17,4413.1,5,5,5,15,3,High-Value Customers
16627,79,1,322.8,2,2,2,6,0,Regular Customers
16628,29,5,2188.05,4,4,5,13,0,Regular Customers
16629,73,2,408.63,2,3,2,7,0,Regular Customers
16633,17,6,2883.1,4,5,5,14,0,Regular Customers
16634,222,2,217.9,1,3,1,5,1,At-Risk / Inactive
16637,32,4,1154.47,4,4,4,12,0,Regular Customers
16638,22,10,1680.72,4,5,4,13,0,Regular Customers
16639,31,3,1257.51,4,4,4,12,0,Regular Customers
16641,105,1,231.1,2,2,1,5,0,Regular Customers
16642,4,2,688.33,5,3,3,11,0,Regular Customers
16643,245,1,487.51,1,2,3,6,1,At-Risk / Inactive
16644,177,2,833.78,2,3,3,8,1,At-Risk / Inactive
16647,169,2,214.06,2,3,1,6,1,At-Risk / Inactive
16648,42,1,290.66,3,2,2,7,0,Regular Customers
16650,71,1,518.42,3,2,3,8,0,Regular Customers
16652,58,7,6773.97,3,5,5,13,0,Regular Customers
16653,16,2,1212.66,4,3,4,11,0,Regular Customers
16654,141,4,601.27,2,4,3,9,0,Regular Customers
16655,17,6,3789.52,4,5,5,14,0,Regular Customers
16656,22,15,8625.8,4,5,5,14,3,High-Value Customers
16657,9,4,874.43,5,4,3,12,0,Regular Customers
16658,368,1,123.24,1,2,1,4,1,At-Risk / Inactive
16659,189,1,39.12,1,2,1,4,1,At-Risk / Inactive
16660,16,4,1267.65,4,4,4,12,0,Regular Customers
16665,362,1,135.4,1,2,1,4,1,At-Risk / Inactive
16666,19,1,118.98,4,2,1,7,0,Regular Customers
16667,68,2,567.1800000000001,3,3,3,9,0,Regular Customers
16668,15,6,306.72,4,5,2,11,0,Regular Customers
16669,23,2,1344.48,4,3,4,11,0,Regular Customers
16670,16,11,4095.9,4,5,5,14,0,Regular Customers
16671,28,3,1692.27,4,4,4,12,0,Regular Customers
16672,2,20,8134.9400000000005,5,5,5,15,3,High-Value Customers
16674,54,2,304.24,3,3,2,8,0,Regular Customers
16676,33,4,1592.12,3,4,4,11,0,Regular Customers
16678,2,12,3109.99,5,5,5,15,0,Regular Customers
16679,366,1,129.75,1,2,1,4,1,At-Risk / Inactive
16680,43,1,183.7,3,2,1,6,0,Regular Customers
16681,72,6,1770.3400000000001,2,5,4,11,0,Regular Customers
16682,4,5,1028.0,5,4,4,13,0,Regular Customers
16684,4,28,66653.56,5,5,5,15,3,High-Value Customers
16685,61,2,324.24,3,3,2,8,0,Regular Customers
16686,47,7,2959.88,3,5,5,13,0,Regular Customers
16688,1,4,1260.8600000000001,5,4,4,13,0,Regular Customers
16689,75,2,422.6,2,3,2,7,0,Regular Customers
16690,72,2,225.58,2,3,1,6,0,Regular Customers
16692,256,2,1126.0,1,3,4,8,1,At-Risk / Inactive
16693,68,2,477.86,3,3,2,8,0,Regular Customers
16696,135,4,657.9,2,4,3,9,0,Regular Customers
16697,241,1,112.75,1,2,1,4,1,At-Risk / Inactive
16698,226,2,1998.0,1,3,4,8,1,At-Risk / Inactive
16700,8,13,5076.55,5,5,5,15,0,Regular Customers
16701,8,13,5398.3,5,5,5,15,0,Regular Customers
16705,0,20,14034.99,5,5,5,15,3,High-Value Customers
16706,37,3,531.35,3,4,3,10,0,Regular Customers
16708,45,1,656.63,3,2,3,8,0,Regular Customers
16709,84,5,3029.87,2,4,5,11,0,Regular Customers
16710,19,10,2467.9900000000002,4,5,5,14,0,Regular Customers
16711,3,5,1651.03,5,4,4,13,0,Regular Customers
16712,9,11,3603.66,5,5,5,15,0,Regular Customers
16713,18,15,6910.78,4,5,5,14,3,High-Value Customers
16714,317,2,1114.06,1,3,4,8,1,At-Risk / Inactive
16715,78,1,301.71999999999997,2,2,2,6,0,Regular Customers
16716,266,2,901.2,1,3,3,7,1,At-Risk / Inactive
16717,23,6,3843.08,4,5,5,14,0,Regular Customers
16718,369,1,606.0500000000001,1,2,3,6,1,At-Risk / Inactive
16719,14,7,1770.22,5,5,4,14,0,Regular Customers
16720,26,1,152.95,4,2,1,7,0,Regular Customers
16721,262,1,292.47,1,2,2,5,1,At-Risk / Inactive
16722,17,13,4730.81,4,5,5,14,0,Regular Customers
16723,91,2,576.4,2,3,3,8,0,Regular Customers
16725,302,6,756.82,1,5,3,9,1,At-Risk / Inactive
16726,26,5,1358.74,4,4,4,12,0,Regular Customers
16727,364,1,256.32,1,2,2,5,1,At-Risk / Inactive
16728,46,4,1048.28,3,4,4,11,0,Regular Customers
16729,38,21,7195.76,3,5,5,13,3,High-Value Customers
16730,52,3,743.11,3,4,3,10,0,Regular Customers
16732,31,1,603.75,4,2,3,9,0,Regular Customers
16734,52,3,646.76,3,4,3,10,0,Regular Customers
16735,78,5,2247.41,2,4,5,11,0,Regular Customers
16737,53,1,417.6,3,2,2,7,0,Regular Customers
16738,297,1,3.75,1,2,1,4,1,At-Risk / Inactive
16739,176,1,323.0,2,2,2,6,1,At-Risk / Inactive
16743,29,7,2213.13,4,5,5,14,0,Regular Customers
16744,11,7,1291.91,5,5,4,14,0,Regular Customers
16745,86,17,7180.7,2,5,5,12,3,High-Value Customers
16746,4,18,6680.11,5,5,5,15,3,High-Value Customers
16747,37,2,836.0600000000001,3,3,3,9,0,Regular Customers
16748,17,5,1515.9,4,4,4,12,0,Regular Customers
16750,44,5,623.93,3,4,3,10,0,Regular Customers
16751,30,1,1764.72,4,2,4,10,0,Regular Customers
16752,372,1,207.5,1,2,1,4,1,At-Risk / Inactive
16753,58,1,223.92000000000002,3,2,1,6,0,Regular Customers
16754,372,1,2002.4,1,2,4,7,1,At-Risk / Inactive
16755,114,3,1475.43,2,4,4,10,0,Regular Customers
16756,214,1,239.4,1,2,1,4,1,At-Risk / Inactive
16757,318,1,106.83000000000001,1,2,1,4,1,At-Risk / Inactive
16758,65,1,369.34000000000003,3,2,2,7,0,Regular Customers
16759,7,3,789.79,5,4,3,12,0,Regular Customers
16761,96,1,316.62,2,2,2,6,0,Regular Customers
16762,19,3,1207.24,4,4,4,12,0,Regular Customers
16763,198,1,611.8499999999999,1,2,3,6,1,At-Risk / Inactive
16764,3,13,2790.9500000000003,5,5,5,15,0,Regular Customers
16765,294,1,34.0,1,2,1,4,1,At-Risk / Inactive
16766,273,2,1145.6,1,3,4,8,1,At-Risk / Inactive
16767,30,11,5575.56,4,5,5,14,0,Regular Customers
16768,47,3,478.09000000000003,3,4,2,9,0,Regular Customers
16769,260,1,361.54,1,2,2,5,1,At-Risk / Inactive
16770,57,5,757.1,3,4,3,10,0,Regular Customers
16771,33,5,2230.61,3,4,5,12,0,Regular Customers
16773,57,1,171.59,3,2,1,6,0,Regular Customers
16774,67,4,661.52,3,4,3,10,0,Regular Customers
16775,10,11,1691.51,5,5,4,14,0,Regular Customers
16776,60,1,371.54,3,2,2,7,0,Regular Customers
16777,80,2,222.62,2,3,1,6,0,Regular Customers
16778,74,2,245.94,2,3,1,6,0,Regular Customers
16779,2,22,10611.72,5,5,5,15,3,High-Value Customers
16780,100,2,422.24,2,3,2,7,0,Regular Customers
16781,372,1,311.25,1,2,2,5,1,At-Risk / Inactive
16782,10,13,2267.9500000000003,5,5,5,15,0,Regular Customers
16784,19,1,107.6,4,2,1,7,0,Regular Customers
16788,123,2,592.74,2,3,3,8,0,Regular Customers
16789,8,1,80.80000000000001,5,2,1,8,0,Regular Customers
16790,3,6,1545.6200000000001,5,5,4,14,0,Regular Customers
16791,29,7,1693.03,4,5,4,13,0,Regular Customers
16792,282,2,110.38,1,3,1,5,1,At-Risk / Inactive
16793,57,1,243.84,3,2,1,6,0,Regular Customers
16794,1,10,1194.48,5,5,4,14,0,Regular Customers
16795,365,1,414.88,1,2,2,5,1,At-Risk / Inactive
16796,89,1,305.62,2,2,2,6,0,Regular Customers
16800,11,1,1162.65,5,2,4,11,0,Regular Customers
16801,163,4,1594.23,2,4,4,10,1,At-Risk / Inactive
16803,65,1,332.3,3,2,2,7,0,Regular Customers
16804,23,3,536.99,4,4,3,11,0,Regular Customers
16805,173,2,460.59000000000003,2,3,2,7,1,At-Risk / Inactive
16806,103,4,736.21,2,4,3,9,0,Regular Customers
16807,142,3,1121.59,2,4,4,10,0,Regular Customers
16808,99,2,288.42,2,3,2,7,0,Regular Customers
16809,23,5,914.69,4,4,3,11,0,Regular Customers
16810,192,1,309.54,1,2,2,5,1,At-Risk / Inactive
16811,4,2,547.07,5,3,3,11,0,Regular Customers
16812,360,1,479.35,1,2,2,5,1,At-Risk / Inactive
16813,8,10,1649.68,5,5,4,14,0,Regular Customers
16814,14,21,6406.8,5,5,5,15,3,High-Value Customers
16816,103,4,417.06,2,4,2,8,0,Regular Customers
16817,2,9,1604.75,5,5,4,14,0,Regular Customers
16818,10,11,3349.57,5,5,5,15,0,Regular Customers
16820,95,1,497.61,2,2,3,7,0,Regular Customers
16823,227,1,358.38,1,2,2,5,1,At-Risk / Inactive
16824,15,2,460.64,4,3,2,9,0,Regular Customers
16825,38,2,775.18,3,3,3,9,0,Regular Customers
16826,51,1,341.7,3,2,2,7,0,Regular Customers
16828,112,1,113.5,2,2,1,5,0,Regular Customers
16829,156,1,197.22,2,2,1,5,1,At-Risk / Inactive
16830,38,1,325.91,3,2,2,7,0,Regular Customers
16832,184,3,199.15,1,4,1,6,1,At-Risk / Inactive
16833,1,4,1106.53,5,4,4,13,0,Regular Customers
16834,227,1,413.46,1,2,2,5,1,At-Risk / Inactive
16835,128,2,180.85,2,3,1,6,0,Regular Customers
16836,39,2,251.87,3,3,2,8,0,Regular Customers
16837,31,11,3170.98,4,5,5,14,0,Regular Customers
16838,197,2,588.85,1,3,3,7,1,At-Risk / Inactive
16839,8,34,16594.35,5,5,5,15,3,High-Value Customers
16841,36,6,1869.82,3,5,4,12,0,Regular Customers
16842,100,3,1264.19,2,4,4,10,0,Regular Customers
16843,42,16,10196.57,3,5,5,13,3,High-Value Customers
16846,50,1,214.32,3,2,1,6,0,Regular Customers
16847,43,1,193.44,3,2,1,6,0,Regular Customers
16848,52,1,281.42,3,2,2,7,0,Regular Customers
16849,186,1,124.57,1,2,1,4,1,At-Risk / Inactive
16850,333,1,332.41,1,2,2,5,1,At-Risk / Inactive
16851,4,3,342.45,5,4,2,11,0,Regular Customers
16852,10,2,144.91,5,3,1,9,0,Regular Customers
16855,23,2,328.40000000000003,4,3,2,9,0,Regular Customers
16856,14,1,35.400000000000006,5,2,1,8,0,Regular Customers
16858,368,1,375.69000000000005,1,2,2,5,1,At-Risk / Inactive
16859,144,2,747.81,2,3,3,8,0,Regular Customers
16861,59,2,173.76,3,3,1,7,0,Regular Customers
16863,31,2,502.8,4,3,3,10,0,Regular Customers
16866,140,3,207.74,2,4,1,7,0,Regular Customers
16869,22,4,817.12,4,4,3,11,0,Regular Customers
16871,22,6,2812.34,4,5,5,14,0,Regular Customers
16872,77,3,680.02,2,4,3,9,0,Regular Customers
16873,4,6,7123.62,5,5,5,15,0,Regular Customers
16875,67,5,2095.53,3,4,5,12,0,Regular Customers
16877,12,6,846.62,5,5,3,13,0,Regular Customers
16878,84,1,13.3,2,2,1,5,0,Regular Customers
16880,30,7,1488.93,4,5,4,13,0,Regular Customers
16881,66,1,432.0,3,2,2,7,0,Regular Customers
16882,66,3,705.12,3,4,3,10,0,Regular Customers
16883,187,2,272.48,1,3,2,6,1,At-Risk / Inactive
16884,37,2,429.84,3,3,2,8,0,Regular Customers
16885,15,3,450.41,4,4,2,10,0,Regular Customers
16887,35,1,192.32999999999998,3,2,1,6,0,Regular Customers
16889,194,3,1578.67,1,4,4,9,1,At-Risk / Inactive
16891,1,5,742.43,5,4,3,12,0,Regular Customers
16892,1,5,518.19,5,4,3,12,0,Regular Customers
16893,366,1,145.93,1,2,1,4,1,At-Risk / Inactive
16895,64,1,202.27,3,2,1,6,0,Regular Customers
16897,299,2,289.78,1,3,2,6,1,At-Risk / Inactive
16898,26,3,501.03000000000003,4,4,3,11,0,Regular Customers
16899,7,6,1271.06,5,5,4,14,0,Regular Customers
16900,16,3,882.16,4,4,3,11,0,Regular Customers
16902,116,1,1706.88,2,2,4,8,0,Regular Customers
16903,29,1,363.2,4,2,2,8,0,Regular Customers
16904,4,15,3631.2,5,5,5,15,3,High-Value Customers
16905,5,7,3037.6,5,5,5,15,0,Regular Customers
16906,81,4,559.59,2,4,3,9,0,Regular Customers
16907,29,5,928.76,4,4,4,12,0,Regular Customers
16909,72,1,379.14,2,2,2,6,0,Regular Customers
16910,4,8,1508.96,5,5,4,14,0,Regular Customers
16912,28,11,2555.58,4,5,5,14,0,Regular Customers
16913,290,1,113.44,1,2,1,4,1,At-Risk / Inactive
16914,36,1,183.76,3,2,1,6,0,Regular Customers
16915,9,6,621.6800000000001,5,5,3,13,0,Regular Customers
16916,23,2,562.41,4,3,3,10,0,Regular Customers
16917,276,1,391.52,1,2,2,5,1,At-Risk / Inactive
16918,49,6,1068.82,3,5,4,12,0,Regular Customers
16919,156,11,2592.25,2,5,5,12,0,Regular Customers
16921,61,1,154.18,3,2,1,6,0,Regular Customers
16923,12,19,7069.08,5,5,5,15,3,High-Value Customers
16924,21,3,829.89,4,4,3,11,0,Regular Customers
16926,371,1,230.25,1,2,1,4,1,At-Risk / Inactive
16927,115,3,543.05,2,4,3,9,0,Regular Customers
16928,80,17,2806.75,2,5,5,12,3,High-Value Customers
16929,3,7,1295.39,5,5,4,14,0,Regular Customers
16930,26,3,378.89,4,4,2,10,0,Regular Customers
16931,5,21,4554.87,5,5,5,15,3,High-Value Customers
16932,53,1,150.23000000000002,3,2,1,6,0,Regular Customers
16933,1,2,563.23,5,3,3,11,0,Regular Customers
16934,54,2,931.03,3,3,4,10,0,Regular Customers
16936,25,1,261.9,4,2,2,8,0,Regular Customers
16938,8,4,2711.6800000000003,5,4,5,14,0,Regular Customers
16940,52,3,3049.88,3,4,5,12,0,Regular Customers
16942,12,9,1904.99,5,5,4,14,0,Regular Customers
16943,211,3,816.73,1,4,3,8,1,At-Risk / Inactive
16945,21,19,4345.5,4,5,5,14,3,High-Value Customers
16947,235,1,406.48,1,2,2,5,1,At-Risk / Inactive
16948,138,3,435.02,2,4,2,8,0,Regular Customers
16949,3,6,1286.27,5,5,4,14,0,Regular Customers
16950,56,3,1178.56,3,4,4,11,0,Regular Customers
16951,134,3,1277.75,2,4,4,10,0,Regular Customers
16952,109,2,167.61,2,3,1,6,0,Regular Customers
16953,30,1,20.8,4,2,1,7,0,Regular Customers
16954,0,9,2085.08,5,5,5,15,0,Regular Customers
16955,184,4,518.67,1,4,3,8,1,At-Risk / Inactive
16956,17,1,308.74,4,2,2,8,0,Regular Customers
16957,239,2,416.64,1,3,2,6,1,At-Risk / Inactive
16959,87,1,117.35000000000001,2,2,1,5,0,Regular Customers
16960,38,3,505.1,3,4,3,10,0,Regular Customers
16961,116,1,234.17000000000002,2,2,1,5,0,Regular Customers
16963,187,1,110.55000000000001,1,2,1,4,1,At-Risk / Inactive
16965,226,1,192.07,1,2,1,4,1,At-Risk / Inactive
16966,8,7,2154.97,5,5,5,15,0,Regular Customers
16967,189,1,319.02,1,2,2,5,1,At-Risk / Inactive
16968,4,2,439.43,5,3,2,10,0,Regular Customers
16969,39,3,650.41,3,4,3,10,0,Regular Customers
16971,38,1,357.21,3,2,2,7,0,Regular Customers
16976,267,1,251.51999999999998,1,2,2,5,1,At-Risk / Inactive
16978,77,1,344.33,2,2,2,6,0,Regular Customers
16979,3,6,1852.0,5,5,4,14,0,Regular Customers
16980,255,2,1028.46,1,3,4,8,1,At-Risk / Inactive
16982,60,1,384.06,3,2,2,7,0,Regular Customers
16983,12,7,1905.87,5,5,4,14,0,Regular Customers
16984,88,2,4459.52,2,3,5,10,0,Regular Customers
16985,17,10,5464.12,4,5,5,14,0,Regular Customers
16986,29,2,1873.2,4,3,4,11,0,Regular Customers
16987,3,7,1616.8,5,5,4,14,0,Regular Customers
16988,5,1,126.12,5,2,1,8,0,Regular Customers
16989,7,6,1133.25,5,5,4,14,0,Regular Customers
16990,218,1,179.0,1,2,1,4,1,At-Risk / Inactive
16992,10,5,1614.31,5,4,4,13,0,Regular Customers
16996,30,6,1456.96,4,5,4,13,0,Regular Customers
16997,288,3,702.0,1,4,3,8,1,At-Risk / Inactive
16998,149,4,295.0,2,4,2,8,1,At-Risk / Inactive
16999,23,2,484.82,4,3,3,10,0,Regular Customers
17001,0,11,3989.57,5,5,5,15,0,Regular Customers
17002,85,3,1493.73,2,4,4,10,0,Regular Customers
17004,46,2,1312.1399999999999,3,3,4,10,0,Regular Customers
17006,4,4,781.78,5,4,3,12,0,Regular Customers
17007,50,6,889.9300000000001,3,5,3,11,0,Regular Customers
17010,18,1,195.36,4,2,1,7,0,Regular Customers
17011,30,1,270.9,4,2,2,8,0,Regular Customers
17014,8,3,583.4300000000001,5,4,3,12,0,Regular Customers
17015,28,3,1838.61,4,4,4,12,0,Regular Customers
17017,2,20,8694.26,5,5,5,15,3,High-Value Customers
17018,40,2,920.1,3,3,3,9,0,Regular Customers
17019,11,4,1258.08,5,4,4,13,0,Regular Customers
17022,31,1,71.0,4,2,1,7,0,Regular Customers
17024,45,3,95.85,3,4,1,8,0,Regular Customers
17025,60,3,357.77,3,4,2,9,0,Regular Customers
17026,185,2,154.83,1,3,1,5,1,At-Risk / Inactive
17027,78,6,877.5600000000001,2,5,3,10,0,Regular Customers
17029,110,2,716.0,2,3,3,8,0,Regular Customers
17030,63,1,146.87,3,2,1,6,0,Regular Customers
17031,11,2,380.35,5,3,2,10,0,Regular Customers
17033,86,3,1030.14,2,4,4,10,0,Regular Customers
17034,16,3,745.52,4,4,3,11,0,Regular Customers
17035,245,2,433.53000000000003,1,3,2,6,1,At-Risk / Inactive
17037,87,1,1267.32,2,2,4,8,0,Regular Customers
17038,30,1,112.4,4,2,1,7,0,Regular Customers
17040,137,1,449.73,2,2,2,6,0,Regular Customers
17041,26,3,1071.49,4,4,4,12,0,Regular Customers
17042,2,5,1036.58,5,4,4,13,0,Regular Customers
17043,32,4,1735.18,4,4,4,12,0,Regular Customers
17044,25,1,948.48,4,2,4,10,0,Regular Customers
17045,113,3,339.44,2,4,2,8,0,Regular Customers
17046,157,1,642.02,2,2,3,7,1,At-Risk / Inactive
17047,85,3,1100.9,2,4,4,10,0,Regular Customers
17048,117,3,925.35,2,4,4,10,0,Regular Customers
17049,2,9,5655.03,5,5,5,15,0,Regular Customers
17050,96,6,3185.64,2,5,5,12,0,Regular Customers
17051,194,1,240.89,1,2,1,4,1,At-Risk / Inactive
17052,28,1,399.09,4,2,2,8,0,Regular Customers
17053,130,1,498.48,2,2,3,7,0,Regular Customers
17054,28,5,1356.33,4,4,4,12,0,Regular Customers
17058,81,3,1179.89,2,4,4,10,0,Regular Customers
17059,29,5,3080.39,4,4,5,13,0,Regular Customers
17060,266,1,234.24,1,2,1,4,1,At-Risk / Inactive
17061,73,11,5232.2300000000005,2,5,5,12,0,Regular Customers
17062,313,4,528.29,1,4,3,8,1,At-Risk / Inactive
17063,21,7,1461.14,4,5,4,13,0,Regular Customers
17064,58,3,855.45,3,4,3,10,0,Regular Customers
17068,12,21,4545.89,5,5,5,15,3,High-Value Customers
17069,28,9,2709.7000000000003,4,5,5,14,0,Regular Customers
17070,114,1,304.24,2,2,2,6,0,Regular Customers
17071,28,9,2429.03,4,5,5,14,0,Regular Customers
17073,17,4,1444.84,4,4,4,12,0,Regular Customers
17075,17,4,834.12,4,4,3,11,0,Regular Customers
17076,36,3,841.0799999999999,3,4,3,10,0,Regular Customers
17078,36,2,375.86,3,3,2,8,0,Regular Customers
17079,78,1,118.80000000000001,2,2,1,5,0,Regular Customers
17080,22,2,287.62,4,3,2,9,0,Regular Customers
17081,25,2,288.91,4,3,2,9,0,Regular Customers
17082,33,2,2003.8500000000001,3,3,4,10,0,Regular Customers
17083,109,3,1405.78,2,4,4,10,0,Regular Customers
17084,35,2,2747.9900000000002,3,3,5,11,0,Regular Customers
17085,123,5,1562.4,2,4,4,10,0,Regular Customers
17086,7,6,2050.08,5,5,5,15,0,Regular Customers
17088,28,4,1991.01,4,4,4,12,0,Regular Customers
17090,4,7,1974.65,5,5,4,14,0,Regular Customers
17091,2,9,3827.76,5,5,5,15,0,Regular Customers
17092,50,4,1774.03,3,4,4,11,0,Regular Customers
17094,322,1,302.0,1,2,2,5,1,At-Risk / Inactive
17095,22,3,1324.16,4,4,4,12,0,Regular Customers
17096,15,4,1022.13,4,4,4,12,0,Regular Customers
17097,2,8,954.42,5,5,4,14,0,Regular Customers
17100,18,2,971.74,4,3,4,11,0,Regular Customers
17101,10,4,1621.73,5,4,4,13,0,Regular Customers
17102,261,1,25.5,1,2,1,4,1,At-Risk / Inactive
17105,159,2,665.78,2,3,3,8,1,At-Risk / Inactive
17107,33,6,10797.48,3,5,5,13,0,Regular Customers
17109,29,6,881.29,4,5,3,12,0,Regular Customers
17110,165,1,163.29999999999998,2,2,1,5,1,At-Risk / Inactive
17111,47,1,231.61,3,2,1,6,0,Regular Customers
17114,5,8,801.12,5,5,3,13,0,Regular Customers
17115,8,3,837.5,5,4,3,12,0,Regular Customers
17117,288,1,116.2,1,2,1,4,1,At-Risk / Inactive
17118,317,1,157.02,1,2,1,4,1,At-Risk / Inactive
17119,3,2,606.91,5,3,3,11,0,Regular Customers
17120,233,1,307.46,1,2,2,5,1,At-Risk / Inactive
17122,119,1,138.32,2,2,1,5,0,Regular Customers
17123,161,1,345.3,2,2,2,6,1,At-Risk / Inactive
17124,185,1,294.24,1,2,2,5,1,At-Risk / Inactive
17125,50,1,230.5,3,2,1,6,0,Regular Customers
17126,152,5,989.45,2,4,4,10,1,At-Risk / Inactive
17128,334,1,157.09,1,2,1,4,1,At-Risk / Inactive
17131,5,5,2463.17,5,4,5,14,0,Regular Customers
17133,15,7,4892.240000000001,4,5,5,14,0,Regular Customers
17134,106,2,413.2,2,3,2,7,0,Regular Customers
17135,16,7,1139.73,4,5,4,13,0,Regular Customers
17138,275,1,380.5,1,2,2,5,1,At-Risk / Inactive
17139,15,12,10650.77,4,5,5,14,3,High-Value Customers
17140,247,1,454.12,1,2,2,5,1,At-Risk / Inactive
17142,239,1,579.0,1,2,3,6,1,At-Risk / Inactive
17144,1,2,984.57,5,3,4,12,0,Regular Customers
17146,105,3,749.78,2,4,3,9,0,Regular Customers
17147,22,4,1714.59,4,4,4,12,0,Regular Customers
17148,51,1,124.88,3,2,1,6,0,Regular Customers
17152,194,3,1689.5,1,4,4,9,1,At-Risk / Inactive
17153,24,1,213.78,4,2,1,7,0,Regular Customers
17154,75,1,329.34,2,2,2,6,0,Regular Customers
17155,17,2,251.7,4,3,2,9,0,Regular Customers
17157,7,2,319.0,5,3,2,10,0,Regular Customers
17158,32,3,1266.97,4,4,4,12,0,Regular Customers
17159,21,3,1538.88,4,4,4,12,0,Regular Customers
17160,31,6,3518.03,4,5,5,14,0,Regular Customers
17162,28,10,1715.46,4,5,4,13,0,Regular Customers
17163,21,2,293.1,4,3,2,9,0,Regular Customers
17164,32,7,2467.35,4,5,5,14,0,Regular Customers
17165,284,1,158.68,1,2,1,4,1,At-Risk / Inactive
17166,38,2,206.34,3,3,1,7,0,Regular Customers
17169,57,2,835.78,3,3,3,9,0,Regular Customers
17171,289,1,224.91,1,2,1,4,1,At-Risk / Inactive
17172,78,1,317.76,2,2,2,6,0,Regular Customers
17173,5,8,3766.6,5,5,5,15,0,Regular Customers
17174,217,1,59.9,1,2,1,4,1,At-Risk / Inactive
17175,44,4,1443.69,3,4,4,11,0,Regular Customers
17176,201,1,306.13,1,2,2,5,1,At-Risk / Inactive
17179,178,3,711.79,2,4,3,9,1,At-Risk / Inactive
17180,56,4,783.97,3,4,3,10,0,Regular Customers
17181,57,2,239.92000000000002,3,3,1,7,0,Regular Customers
17183,7,6,3347.31,5,5,5,15,0,Regular Customers
17186,46,2,144.0,3,3,1,7,0,Regular Customers
17187,226,1,203.95,1,2,1,4,1,At-Risk / Inactive
17188,11,7,2474.23,5,5,5,15,0,Regular Customers
17189,106,2,383.75,2,3,2,7,0,Regular Customers
17190,58,2,444.74,3,3,2,8,0,Regular Customers
17191,28,7,2093.68,4,5,5,14,0,Regular Customers
17193,35,7,1699.3,3,5,4,12,0,Regular Customers
17194,360,1,226.78,1,2,1,4,1,At-Risk / Inactive
17197,29,1,1013.01,4,2,4,10,0,Regular Customers
17198,23,3,692.22,4,4,3,11,0,Regular Customers
17201,53,1,289.78000000000003,3,2,2,7,0,Regular Customers
17203,35,6,3560.08,3,5,5,13,0,Regular Customers
17204,175,4,1564.56,2,4,4,10,1,At-Risk / Inactive
17205,53,1,384.08,3,2,2,7,0,Regular Customers
17206,53,1,204.24,3,2,1,6,0,Regular Customers
17211,26,8,2317.2200000000003,4,5,5,14,0,Regular Customers
17212,253,1,226.85,1,2,1,4,1,At-Risk / Inactive
17213,40,7,2781.23,3,5,5,13,0,Regular Customers
17214,60,6,1059.1200000000001,3,5,4,12,0,Regular Customers
17217,234,1,113.5,1,2,1,4,1,At-Risk / Inactive
17218,4,10,1951.97,5,5,4,14,0,Regular Customers
17219,31,1,114.23,4,2,1,7,0,Regular Customers
17220,24,14,3187.55,4,5,5,14,0,Regular Customers
17221,7,2,334.48,5,3,2,10,0,Regular Customers
17222,65,1,328.65,3,2,2,7,0,Regular Customers
17223,310,2,381.89,1,3,2,6,1,At-Risk / Inactive
17226,308,1,393.49,1,2,2,5,1,At-Risk / Inactive
17227,18,6,939.32,4,5,4,13,0,Regular Customers
17228,15,8,1906.09,4,5,4,13,0,Regular Customers
17229,96,2,318.76,2,3,2,7,0,Regular Customers
17230,264,8,3638.41,1,5,5,11,1,At-Risk / Inactive
17231,12,10,3124.72,5,5,5,15,0,Regular Customers
17232,2,2,417.77,5,3,2,10,0,Regular Customers
17233,35,1,190.88,3,2,1,6,0,Regular Customers
17234,182,1,149.89,1,2,1,4,1,At-Risk / Inactive
17235,25,2,550.0600000000001,4,3,3,10,0,Regular Customers
17236,12,6,916.13,5,5,3,13,0,Regular Customers
17237,11,2,314.69,5,3,2,10,0,Regular Customers
17238,2,17,3719.1,5,5,5,15,3,High-Value Customers
17239,312,1,382.5,1,2,2,5,1,At-Risk / Inactive
17242,108,2,1135.04,2,3,4,9,0,Regular Customers
17243,1,26,8531.65,5,5,5,15,3,High-Value Customers
17244,53,1,954.9,3,2,4,9,0,Regular Customers
17245,204,1,171.45000000000002,1,2,1,4,1,At-Risk / Inactive
17247,15,1,280.09000000000003,4,2,2,8,0,Regular Customers
17248,120,1,318.65,2,2,2,6,0,Regular Customers
17250,3,2,381.97,5,3,2,10,0,Regular Customers
17251,362,1,269.83,1,2,2,5,1,At-Risk / Inactive
17252,116,2,348.90999999999997,2,3,2,7,0,Regular Customers
17253,18,1,178.26,4,2,1,7,0,Regular Customers
17254,4,2,271.19,5,3,2,10,0,Regular Customers
17255,40,2,291.48,3,3,2,8,0,Regular Customers
17256,107,2,240.0,2,3,1,6,0,Regular Customers
17259,148,2,581.23,2,3,3,8,1,At-Risk / Inactive
17262,52,5,1253.3600000000001,3,4,4,11,0,Regular Customers
17263,208,1,63.440000000000005,1,2,1,4,1,At-Risk / Inactive
17265,138,2,550.01,2,3,3,8,0,Regular Customers
17266,2,3,296.58,5,4,2,11,0,Regular Customers
17267,127,2,317.2,2,3,2,7,0,Regular Customers
17268,107,4,763.64,2,4,3,9,0,Regular Customers
17272,42,4,2148.63,3,4,5,12,0,Regular Customers
17274,35,1,107.82,3,2,1,6,0,Regular Customers
17277,227,2,1065.3500000000001,1,3,4,8,1,At-Risk / Inactive
17278,241,1,246.04000000000002,1,2,1,4,1,At-Risk / Inactive
17279,57,1,187.82999999999998,3,2,1,6,0,Regular Customers
17282,130,3,1685.46,2,4,4,10,0,Regular Customers
17284,60,6,1647.48,3,5,4,12,0,Regular Customers
17286,21,1,151.37,4,2,1,7,0,Regular Customers
17287,26,7,1049.06,4,5,4,13,0,Regular Customers
17288,9,7,1417.6299999999999,5,5,4,14,0,Regular Customers
17289,31,3,931.02,4,4,4,12,0,Regular Customers
17290,3,2,513.01,5,3,3,11,0,Regular Customers
17291,308,1,550.8000000000001,1,2,3,6,1,At-Risk / Inactive
17293,8,9,1854.06,5,5,4,14,0,Regular Customers
17295,28,3,547.0,4,4,3,11,0,Regular Customers
17297,17,1,128.18,4,2,1,7,0,Regular Customers
17298,101,2,498.42,2,3,3,8,0,Regular Customers
17299,11,4,656.61,5,4,3,12,0,Regular Customers
17301,21,1,163.24,4,2,1,7,0,Regular Customers
17302,14,5,1135.63,5,4,4,13,0,Regular Customers
17303,361,1,250.04,1,2,2,5,1,At-Risk / Inactive
17306,10,19,8631.31,5,5,5,15,3,High-Value Customers
17309,95,1,82.75,2,2,1,5,0,Regular Customers
17311,78,2,1384.85,2,3,4,9,0,Regular Customers
17312,138,3,644.3,2,4,3,9,0,Regular Customers
17313,31,1,2328.84,4,2,5,11,0,Regular Customers
17314,24,8,2527.92,4,5,5,14,0,Regular Customers
17315,1,36,6241.15,5,5,5,15,3,High-Value Customers
17317,46,3,2600.34,3,4,5,12,0,Regular Customers
17320,100,3,1200.6200000000001,2,4,4,10,0,Regular Customers
17321,8,2,657.16,5,3,3,11,0,Regular Customers
17323,15,7,903.12,4,5,3,12,0,Regular Customers
17324,17,4,986.48,4,4,4,12,0,Regular Customers
17325,280,1,96.8,1,2,1,4,1,At-Risk / Inactive
17329,14,2,523.11,5,3,3,11,0,Regular Customers
17330,22,2,363.9,4,3,2,9,0,Regular Customers
17331,123,1,175.2,2,2,1,5,0,Regular Customers
17333,85,1,494.25,2,2,3,7,0,Regular Customers
17334,302,2,307.02000000000004,1,3,2,6,1,At-Risk / Inactive
17337,151,4,1979.61,2,4,4,10,1,At-Risk / Inactive
17338,17,8,6484.75,4,5,5,14,0,Regular Customers
17339,94,2,243.36,2,3,1,6,0,Regular Customers
17340,29,11,12353.29,4,5,5,14,3,High-Value Customers
17341,156,3,682.29,2,4,3,9,1,At-Risk / Inactive
17343,355,1,193.64,1,2,1,4,1,At-Risk / Inactive
17344,46,1,157.62,3,2,1,6,0,Regular Customers
17345,15,4,519.6899999999999,4,4,3,11,0,Regular Customers
17346,3,15,2622.88,5,5,5,15,3,High-Value Customers
17347,86,1,228.96,2,2,1,5,0,Regular Customers
17348,14,5,1156.6,5,4,4,13,0,Regular Customers
17349,179,1,98.25,2,2,1,5,1,At-Risk / Inactive
17350,8,4,1281.32,5,4,4,13,0,Regular Customers
17351,36,3,587.15,3,4,3,10,0,Regular Customers
17353,129,2,1740.0,2,3,4,9,0,Regular Customers
17354,50,1,1393.06,3,2,4,9,0,Regular Customers
17356,311,1,178.22,1,2,1,4,1,At-Risk / Inactive
17357,24,2,384.39,4,3,2,9,0,Regular Customers
17358,303,2,360.81,1,3,2,6,1,At-Risk / Inactive
17359,11,1,127.86,5,2,1,8,0,Regular Customers
17360,17,3,568.24,4,4,3,11,0,Regular Customers
17361,49,3,488.2,3,4,3,10,0,Regular Customers
17362,239,2,312.23,1,3,2,6,1,At-Risk / Inactive
17364,0,11,4462.68,5,5,5,15,0,Regular Customers
17365,12,8,4762.32,5,5,5,15,0,Regular Customers
17367,238,1,167.55,1,2,1,4,1,At-Risk / Inactive
17368,23,8,1878.87,4,5,4,13,0,Regular Customers
17370,72,4,446.18,2,4,2,8,0,Regular Customers
17371,17,3,418.4,4,4,2,10,0,Regular Customers
17372,40,8,1337.18,3,5,4,12,0,Regular Customers
17373,40,4,646.92,3,4,3,10,0,Regular Customers
17374,218,2,495.77,1,3,3,7,1,At-Risk / Inactive
17375,199,3,400.1,1,4,2,7,1,At-Risk / Inactive
17376,70,2,203.2,3,3,1,7,0,Regular Customers
17377,23,20,4058.32,4,5,5,14,3,High-Value Customers
17379,11,1,389.71999999999997,5,2,2,9,0,Regular Customers
17381,8,29,20275.61,5,5,5,15,3,High-Value Customers
17382,65,1,65.4,3,2,1,6,0,Regular Customers
17383,4,1,193.39000000000001,5,2,1,8,0,Regular Customers
17384,19,2,336.4,4,3,2,9,0,Regular Customers
17385,14,1,256.11,5,2,2,9,0,Regular Customers
17386,7,6,2686.42,5,5,5,15,0,Regular Customers
17387,19,2,746.81,4,3,3,10,0,Regular Customers
17388,77,4,1259.56,2,4,4,10,0,Regular Customers
17389,0,34,31833.68,5,5,5,15,3,High-Value Customers
17391,163,2,508.8,2,3,3,8,1,At-Risk / Inactive
17392,306,2,411.27,1,3,2,6,1,At-Risk / Inactive
17394,219,1,203.86999999999998,1,2,1,4,1,At-Risk / Inactive
17396,39,7,7312.8,3,5,5,13,0,Regular Customers
17397,22,2,681.41,4,3,3,10,0,Regular Customers
17398,114,3,653.38,2,4,3,9,0,Regular Customers
17400,126,5,2097.84,2,4,5,11,0,Regular Customers
17402,4,12,2598.85,5,5,5,15,0,Regular Customers
17403,36,1,263.92,3,2,2,7,0,Regular Customers
17404,4,13,31781.82,5,5,5,15,3,High-Value Customers
17405,1,3,1031.41,5,4,4,13,0,Regular Customers
17406,333,3,2184.42,1,4,5,10,1,At-Risk / Inactive
17408,163,1,32.65,2,2,1,5,1,At-Risk / Inactive
17409,184,2,771.85,1,3,3,7,1,At-Risk / Inactive
17410,16,5,1214.72,4,4,4,12,0,Regular Customers
17411,12,3,778.94,5,4,3,12,0,Regular Customers
17412,2,7,1258.06,5,5,4,14,0,Regular Customers
17414,43,2,778.0,3,3,3,9,0,Regular Customers
17415,79,1,507.84,2,2,3,7,0,Regular Customers
17416,29,7,6893.42,4,5,5,14,0,Regular Customers
17418,42,2,463.46000000000004,3,3,2,8,0,Regular Customers
17419,11,12,4226.57,5,5,5,15,0,Regular Customers
17420,50,3,598.83,3,4,3,10,0,Regular Customers
17422,16,6,1979.37,4,5,4,13,0,Regular Customers
17423,46,2,698.41,3,3,3,9,0,Regular Customers
17425,19,2,759.1700000000001,4,3,3,10,0,Regular Customers
17426,8,6,5037.26,5,5,5,15,0,Regular Customers
17427,71,1,100.8,3,2,1,6,0,Regular Customers
17428,0,28,17256.85,5,5,5,15,3,High-Value Customers
17429,128,3,524.9200000000001,2,4,3,9,0,Regular Customers
17430,32,2,265.76,4,3,2,9,0,Regular Customers
17431,313,1,403.3,1,2,2,5,1,At-Risk / Inactive
17432,18,2,365.76,4,3,2,9,0,Regular Customers
17433,88,1,303.16,2,2,2,6,0,Regular Customers
17434,2,7,2373.82,5,5,5,15,0,Regular Customers
17436,1,2,216.3,5,3,1,9,0,Regular Customers
17438,253,1,388.45000000000005,1,2,2,5,1,At-Risk / Inactive
17440,156,3,186.42000000000002,2,4,1,7,1,At-Risk / Inactive
17442,36,6,2248.56,3,5,5,13,0,Regular Customers
17443,219,1,534.24,1,2,3,6,1,At-Risk / Inactive
17444,151,2,2389.1,2,3,5,10,1,At-Risk / Inactive
17446,176,2,120.89999999999999,2,3,1,6,1,At-Risk / Inactive
17447,40,2,541.53,3,3,3,9,0,Regular Customers
17449,2,7,2516.21,5,5,5,15,0,Regular Customers
17450,8,46,194390.79,5,5,5,15,2,VIP Customers
17451,1,7,1721.4,5,5,4,14,0,Regular Customers
17453,17,2,486.72,4,3,3,10,0,Regular Customers
17454,192,4,517.53,1,4,3,8,1,At-Risk / Inactive
17455,203,1,131.7,1,2,1,4,1,At-Risk / Inactive
17456,365,1,249.86,1,2,2,5,1,At-Risk / Inactive
17457,126,5,1737.7,2,4,4,10,0,Regular Customers
17458,15,1,316.5,4,2,2,8,0,Regular Customers
17459,43,2,657.3,3,3,3,9,0,Regular Customers
17460,94,6,622.4300000000001,2,5,3,10,0,Regular Customers
17461,22,3,735.82,4,4,3,11,0,Regular Customers
17462,60,2,675.69,3,3,3,9,0,Regular Customers
17463,16,5,1875.8600000000001,4,4,4,12,0,Regular Customers
17464,158,1,289.96000000000004,2,2,2,6,1,At-Risk / Inactive
17466,10,2,763.28,5,3,3,11,0,Regular Customers
17468,10,2,137.0,5,3,1,9,0,Regular Customers
17469,16,5,1870.97,4,4,4,12,0,Regular Customers
17470,44,5,1125.07,3,4,4,11,0,Regular Customers
17472,191,3,697.54,1,4,3,8,1,At-Risk / Inactive
17475,79,1,194.37,2,2,1,5,0,Regular Customers
17480,77,1,511.82,2,2,3,7,0,Regular Customers
17481,3,4,1255.59,5,4,4,13,0,Regular Customers
17483,65,3,414.04,3,4,2,9,0,Regular Customers
17486,261,1,396.87,1,2,2,5,1,At-Risk / Inactive
17489,58,2,376.64,3,3,2,8,0,Regular Customers
17490,0,7,2092.32,5,5,5,15,0,Regular Customers
17491,1,10,3558.87,5,5,5,15,0,Regular Customers
17492,248,1,374.57,1,2,2,5,1,At-Risk / Inactive
17495,7,2,497.56,5,3,3,11,0,Regular Customers
17496,358,1,271.05,1,2,2,5,1,At-Risk / Inactive
17498,75,1,272.21999999999997,2,2,2,6,0,Regular Customers
17499,289,1,622.88,1,2,3,6,1,At-Risk / Inactive
17500,17,3,1138.0,4,4,4,12,0,Regular Customers
17501,220,2,288.6,1,3,2,6,1,At-Risk / Inactive
17502,9,4,689.1,5,4,3,12,0,Regular Customers
17503,2,2,558.96,5,3,3,11,0,Regular Customers
17504,206,9,2997.03,1,5,5,11,1,At-Risk / Inactive
17505,161,2,1145.8400000000001,2,3,4,9,1,At-Risk / Inactive
17506,75,1,302.2,2,2,2,6,0,Regular Customers
17507,261,2,605.58,1,3,3,7,1,At-Risk / Inactive
17508,280,1,387.31,1,2,2,5,1,At-Risk / Inactive
17509,57,8,6083.64,3,5,5,13,0,Regular Customers
17510,24,1,308.48,4,2,2,8,0,Regular Customers
17511,2,31,91062.38,5,5,5,15,2,VIP Customers
17512,28,10,2924.9900000000002,4,5,5,14,0,Regular Customers
17513,72,1,513.2,2,2,3,7,0,Regular Customers
17514,128,1,208.65,2,2,1,5,0,Regular Customers
17515,31,4,639.02,4,4,3,11,0,Regular Customers
17516,15,5,764.88,4,4,3,11,0,Regular Customers
17517,308,1,153.94,1,2,1,4,1,At-Risk / Inactive
17519,17,6,1844.02,4,5,4,13,0,Regular Customers
17520,53,1,546.81,3,2,3,8,0,Regular Customers
17521,29,3,723.21,4,4,3,11,0,Regular Customers
17522,1,5,1066.15,5,4,4,13,0,Regular Customers
17523,11,4,652.74,5,4,3,12,0,Regular Customers
17524,361,1,145.0,1,2,1,4,1,At-Risk / Inactive
17525,359,1,422.7,1,2,2,5,1,At-Risk / Inactive
17526,4,4,1195.8999999999999,5,4,4,13,0,Regular Customers
17527,53,4,939.37,3,4,4,11,0,Regular Customers
17528,1,8,3628.5,5,5,5,15,0,Regular Customers
17530,1,10,2362.53,5,5,5,15,0,Regular Customers
17531,190,1,296.7,1,2,2,5,1,At-Risk / Inactive
17534,53,1,223.36,3,2,1,6,0,Regular Customers
17535,280,1,164.4,1,2,1,4,1,At-Risk / Inactive
17536,177,1,76.5,2,2,1,5,1,At-Risk / Inactive
17537,29,2,887.6700000000001,4,3,3,10,0,Regular Customers
17538,25,1,98.42,4,2,1,7,0,Regular Customers
17540,24,2,578.9,4,3,3,10,0,Regular Customers
17542,269,1,170.75,1,2,1,4,1,At-Risk / Inactive
17545,43,3,642.32,3,4,3,10,0,Regular Customers
17548,233,1,103.3,1,2,1,4,1,At-Risk / Inactive
17549,23,2,148.86,4,3,1,8,0,Regular Customers
17550,197,3,267.16,1,4,2,7,1,At-Risk / Inactive
17551,359,1,290.34,1,2,2,5,1,At-Risk / Inactive
17552,60,4,930.41,3,4,4,11,0,Regular Customers
17553,129,1,1487.6,2,2,4,8,0,Regular Customers
17554,1,5,1952.45,5,4,4,13,0,Regular Customers
17555,19,2,480.31,4,3,2,9,0,Regular Customers
17556,205,1,157.9,1,2,1,4,1,At-Risk / Inactive
17557,14,3,541.46,5,4,3,12,0,Regular Customers
17560,94,4,854.95,2,4,3,9,0,Regular Customers
17561,19,1,165.12,4,2,1,7,0,Regular Customers
17562,14,7,1122.38,5,5,4,14,0,Regular Customers
17564,24,3,454.01,4,4,2,10,0,Regular Customers
17566,8,2,869.77,5,3,3,11,0,Regular Customers
17567,7,8,4331.48,5,5,5,15,0,Regular Customers
17569,332,1,344.14,1,2,2,5,1,At-Risk / Inactive
17571,50,4,1424.42,3,4,4,11,0,Regular Customers
17572,71,4,226.75000000000003,3,4,1,8,0,Regular Customers
17573,29,3,380.6,4,4,2,10,0,Regular Customers
17574,242,1,185.65,1,2,1,4,1,At-Risk / Inactive
17576,8,19,3564.83,5,5,5,15,3,High-Value Customers
17578,218,1,143.45999999999998,1,2,1,4,1,At-Risk / Inactive
17579,4,3,448.90000000000003,5,4,2,11,0,Regular Customers
17580,252,3,212.77,1,4,1,6,1,At-Risk / Inactive
17581,0,25,11025.24,5,5,5,15,3,High-Value Customers
17582,236,1,175.27,1,2,1,4,1,At-Risk / Inactive
17584,7,2,1242.3,5,3,4,12,0,Regular Customers
17585,109,4,1116.68,2,4,4,10,0,Regular Customers
17588,100,3,1240.2,2,4,4,10,0,Regular Customers
17589,60,4,2402.92,3,4,5,12,0,Regular Customers
17590,2,3,1466.77,5,4,4,13,0,Regular Customers
17591,73,7,2203.67,2,5,5,12,0,Regular Customers
17593,3,5,3923.86,5,4,5,14,0,Regular Customers
17594,85,2,993.1800000000001,2,3,4,9,0,Regular Customers
17595,12,2,386.69,5,3,2,10,0,Regular Customers
17596,23,7,2806.69,4,5,5,14,0,Regular Customers
17597,213,1,2044.3700000000001,1,2,5,8,1,At-Risk / Inactive
17600,17,1,161.67000000000002,4,2,1,7,0,Regular Customers
17601,239,1,116.00999999999999,1,2,1,4,1,At-Risk / Inactive
17602,2,6,5054.42,5,5,5,15,0,Regular Customers
17603,78,1,394.72,2,2,2,6,0,Regular Customers
17604,217,2,309.36,1,3,2,6,1,At-Risk / Inactive
17608,33,2,191.99,3,3,1,7,0,Regular Customers
17609,40,5,1098.28,3,4,4,11,0,Regular Customers
17611,7,15,3961.12,5,5,5,15,3,High-Value Customers
17612,53,6,2048.45,3,5,5,13,0,Regular Customers
17613,22,14,4544.55,4,5,5,14,3,High-Value Customers
17614,57,1,386.32,3,2,2,7,0,Regular Customers
17615,130,3,329.6,2,4,2,8,0,Regular Customers
17616,173,3,571.1999999999999,2,4,3,9,1,At-Risk / Inactive
17618,5,3,930.28,5,4,4,13,0,Regular Customers
17619,312,1,214.37,1,2,1,4,1,At-Risk / Inactive
17620,59,1,81.44,3,2,1,6,0,Regular Customers
17621,21,3,1379.9,4,4,4,12,0,Regular Customers
17623,32,1,527.05,4,2,3,9,0,Regular Customers
17624,14,2,843.48,5,3,3,11,0,Regular Customers
17625,18,4,2020.4,4,4,4,12,0,Regular Customers
17628,81,1,75.75,2,2,1,5,0,Regular Customers
17629,5,8,1814.1200000000001,5,5,4,14,0,Regular Customers
17630,169,2,503.6,2,3,3,8,1,At-Risk / Inactive
17631,1,3,528.33,5,4,3,12,0,Regular Customers
17633,31,4,1324.84,4,4,4,12,0,Regular Customers
17634,36,9,2358.59,3,5,5,13,0,Regular Customers
17636,19,1,285.56,4,2,2,8,0,Regular Customers
17637,31,2,547.0600000000001,4,3,3,10,0,Regular Customers
17639,276,1,108.5,1,2,1,4,1,At-Risk / Inactive
17640,86,1,621.66,2,2,3,7,0,Regular Customers
17642,119,2,712.29,2,3,3,8,0,Regular Customers
17643,373,1,101.55,1,2,1,4,1,At-Risk / Inactive
17644,1,11,2895.64,5,5,5,15,0,Regular Customers
17646,219,3,1008.39,1,4,4,9,1,At-Risk / Inactive
17647,65,1,133.06,3,2,1,6,0,Regular Customers
17648,60,4,1797.5,3,4,4,11,0,Regular Customers
17649,138,1,868.49,2,2,3,7,0,Regular Customers
17650,21,1,166.07999999999998,4,2,1,7,0,Regular Customers
17651,11,10,3945.0,5,5,5,15,0,Regular Customers
17652,25,12,4867.72,4,5,5,14,0,Regular Customers
17653,36,4,1207.56,3,4,4,11,0,Regular Customers
17654,277,1,117.55,1,2,1,4,1,At-Risk / Inactive
17655,10,7,2638.94,5,5,5,15,0,Regular Customers
17656,73,5,1674.69,2,4,4,10,0,Regular Customers
17658,25,2,595.42,4,3,3,10,0,Regular Customers
17659,17,12,2999.46,4,5,5,14,0,Regular Customers
17660,141,1,178.75,2,2,1,5,0,Regular Customers
17663,25,7,1802.91,4,5,4,13,0,Regular Customers
17664,18,2,604.64,4,3,3,10,0,Regular Customers
17666,3,2,728.16,5,3,3,11,0,Regular Customers
17667,66,5,2055.51,3,4,5,12,0,Regular Customers
17668,1,2,347.75,5,3,2,10,0,Regular Customers
17669,42,7,3406.7200000000003,3,5,5,13,0,Regular Customers
17670,227,1,205.7,1,2,1,4,1,At-Risk / Inactive
17671,15,4,1572.71,4,4,4,12,0,Regular Customers
17672,50,2,3178.17,3,3,5,11,0,Regular Customers
17673,1,6,1594.97,5,5,4,14,0,Regular Customers
17674,74,2,551.04,2,3,3,8,0,Regular Customers
17675,1,31,20374.28,5,5,5,15,3,High-Value Customers
17676,4,6,1371.18,5,5,4,14,0,Regular Customers
17677,1,30,16345.38,5,5,5,15,3,High-Value Customers
17678,263,1,298.11,1,2,2,5,1,At-Risk / Inactive
17679,52,2,1992.1100000000001,3,3,4,10,0,Regular Customers
17680,23,1,184.4,4,2,1,7,0,Regular Customers
17682,10,6,2474.33,5,5,5,15,0,Regular Customers
17684,43,1,239.41,3,2,1,6,0,Regular Customers
17685,16,7,3155.83,4,5,5,14,0,Regular Customers
17686,7,7,5739.46,5,5,5,15,0,Regular Customers
17690,30,15,4726.8,4,5,5,14,3,High-Value Customers
17691,358,2,290.40000000000003,1,3,2,6,1,At-Risk / Inactive
17692,127,4,725.58,2,4,3,9,0,Regular Customers
17693,137,1,200.47,2,2,1,5,0,Regular Customers
17694,141,1,283.12,2,2,2,6,0,Regular Customers
17695,131,2,765.34,2,3,3,8,0,Regular Customers
17696,38,8,2285.71,3,5,5,13,0,Regular Customers
17697,236,1,338.95,1,2,2,5,1,At-Risk / Inactive
17698,260,1,154.95,1,2,1,4,1,At-Risk / Inactive
17700,16,4,2534.64,4,4,5,13,0,Regular Customers
17701,252,1,417.95,1,2,2,5,1,At-Risk / Inactive
17702,30,4,1824.37,4,4,4,12,0,Regular Customers
17703,35,3,798.74,3,4,3,10,0,Regular Customers
17704,168,2,885.19,2,3,3,8,1,At-Risk / Inactive
17705,3,9,1823.52,5,5,4,14,0,Regular Customers
17706,4,17,10504.49,5,5,5,15,3,High-Value Customers
17707,185,2,152.4,1,3,1,5,1,At-Risk / Inactive
17708,187,2,263.33,1,3,2,6,1,At-Risk / Inactive
17709,169,1,137.45,2,2,1,5,1,At-Risk / Inactive
17711,10,2,385.1,5,3,2,10,0,Regular Customers
17712,44,1,522.91,3,2,3,8,0,Regular Customers
17714,320,1,153.0,1,2,1,4,1,At-Risk / Inactive
17715,200,1,326.4,1,2,2,5,1,At-Risk / Inactive
17716,22,11,5655.99,4,5,5,14,0,Regular Customers
17718,232,1,139.35,1,2,1,4,1,At-Risk / Inactive
17719,37,15,5396.04,3,5,5,13,3,High-Value Customers
17720,26,4,1195.94,4,4,4,12,0,Regular Customers
17722,96,4,2424.04,2,4,5,11,0,Regular Customers
17723,127,6,3276.4000000000005,2,5,5,12,0,Regular Customers
17724,71,3,1033.0,3,4,4,11,0,Regular Customers
17725,16,11,3439.08,4,5,5,14,0,Regular Customers
17727,15,1,1060.25,4,2,4,10,0,Regular Customers
17728,3,3,2876.01,5,4,5,14,0,Regular Customers
17730,3,13,5298.4800000000005,5,5,5,15,0,Regular Customers
17731,79,4,1240.11,2,4,4,10,0,Regular Customers
17732,372,1,303.97,1,2,2,5,1,At-Risk / Inactive
17733,38,2,692.19,3,3,3,9,0,Regular Customers
17734,53,3,700.63,3,4,3,10,0,Regular Customers
17735,2,19,13110.02,5,5,5,15,3,High-Value Customers
17736,9,3,377.44,5,4,2,11,0,Regular Customers
17737,9,2,168.24,5,3,1,9,0,Regular Customers
17738,19,4,1879.05,4,4,4,12,0,Regular Customers
17739,11,7,2791.35,5,5,5,15,0,Regular Customers
17742,113,2,355.11,2,3,2,7,0,Regular Customers
17744,3,6,2322.4,5,5,5,15,0,Regular Customers
17746,240,1,110.25,1,2,1,4,1,At-Risk / Inactive
17747,112,1,71.4,2,2,1,5,0,Regular Customers
17749,178,2,674.52,2,3,3,8,1,At-Risk / Inactive
17750,5,9,1694.16,5,5,4,14,0,Regular Customers
17752,359,1,80.64,1,2,1,4,1,At-Risk / Inactive
17754,0,5,1664.6499999999999,5,4,4,13,0,Regular Customers
17757,1,30,5589.4400000000005,5,5,5,15,3,High-Value Customers
17758,19,8,3408.2,4,5,5,14,0,Regular Customers
17759,17,3,818.71,4,4,3,11,0,Regular Customers
17760,21,2,287.59,4,3,2,9,0,Regular Customers
17761,32,1,712.78,4,2,3,9,0,Regular Customers
17763,263,1,15.0,1,2,1,4,1,At-Risk / Inactive
17764,50,2,772.55,3,3,3,9,0,Regular Customers
17765,158,3,367.63,2,4,2,8,1,At-Risk / Inactive
17767,15,1,271.2,4,2,2,8,0,Regular Customers
17768,8,3,2081.9,5,4,5,14,0,Regular Customers
17769,12,10,3957.43,5,5,5,15,0,Regular Customers
17770,198,5,1143.27,1,4,4,9,1,At-Risk / Inactive
17771,56,2,245.33,3,3,1,7,0,Regular Customers
17772,10,2,173.45,5,3,1,9,0,Regular Customers
17774,96,4,1213.73,2,4,4,10,0,Regular Customers
17775,254,1,56.4,1,2,1,4,1,At-Risk / Inactive
17777,24,3,647.56,4,4,3,11,0,Regular Customers
17779,21,3,650.32,4,4,3,11,0,Regular Customers
17781,159,2,188.02,2,3,1,6,1,At-Risk / Inactive
17783,72,2,283.47,2,3,2,7,0,Regular Customers
17785,53,1,131.94,3,2,1,6,0,Regular Customers
17786,85,2,266.85,2,3,2,7,0,Regular Customers
17787,152,4,1817.54,2,4,4,10,1,At-Risk / Inactive
17788,73,2,1112.95,2,3,4,9,0,Regular Customers
17789,281,1,225.9,1,2,1,4,1,At-Risk / Inactive
17790,26,14,1964.3,4,5,4,13,0,Regular Customers
17791,29,1,106.1,4,2,1,7,0,Regular Customers
17793,25,1,300.34,4,2,2,8,0,Regular Customers
17795,179,2,342.83,2,3,2,7,1,At-Risk / Inactive
17796,40,4,690.0,3,4,3,10,0,Regular Customers
17797,22,3,780.43,4,4,3,11,0,Regular Customers
17799,22,10,3039.17,4,5,5,14,0,Regular Customers
17800,37,9,1186.21,3,5,4,12,0,Regular Customers
17802,82,3,1285.04,2,4,4,10,0,Regular Customers
17805,73,1,512.31,2,2,3,7,0,Regular Customers
17806,11,1,546.04,5,2,3,10,0,Regular Customers
17809,16,12,5411.91,4,5,5,14,0,Regular Customers
17811,4,39,7755.12,5,5,5,15,3,High-Value Customers
17812,12,4,699.81,5,4,3,12,0,Regular Customers
17813,14,5,1698.07,5,4,4,13,0,Regular Customers
17816,36,4,36.56,3,4,1,8,0,Regular Customers
17817,4,3,387.68,5,4,2,11,0,Regular Customers
17819,71,7,3704.87,3,5,5,13,0,Regular Customers
17824,51,1,298.4,3,2,2,7,0,Regular Customers
17827,5,5,1987.33,5,4,4,13,0,Regular Customers
17828,22,4,1165.09,4,4,4,12,0,Regular Customers
17829,298,1,889.24,1,2,3,6,1,At-Risk / Inactive
17830,1,3,398.7,5,4,2,11,0,Regular Customers
17831,33,1,35.400000000000006,3,2,1,6,0,Regular Customers
17832,49,1,155.37,3,2,1,6,0,Regular Customers
17835,2,3,342.24,5,4,2,11,0,Regular Customers
17836,47,1,109.83,3,2,1,6,0,Regular Customers
17837,42,8,1535.33,3,5,4,12,0,Regular Customers
17838,26,5,2720.8,4,4,5,13,0,Regular Customers
17839,42,1,318.15,3,2,2,7,0,Regular Customers
17841,1,124,40493.49,5,5,5,15,2,VIP Customers
17843,303,1,197.73,1,2,1,4,1,At-Risk / Inactive
17844,106,1,51.559999999999995,2,2,1,5,0,Regular Customers
17848,81,9,901.2,2,5,3,10,0,Regular Customers
17849,218,4,605.8000000000001,1,4,3,8,1,At-Risk / Inactive
17850,372,34,5391.21,1,5,5,11,3,High-Value Customers
17852,11,2,114.34,5,3,1,9,0,Regular Customers
17854,185,2,311.26,1,3,2,6,1,At-Risk / Inactive
17855,372,1,208.97,1,2,1,4,1,At-Risk / Inactive
17856,1,4,1418.03,5,4,4,13,0,Regular Customers
17857,4,22,25301.54,5,5,5,15,3,High-Value Customers
17858,5,12,5140.66,5,5,5,15,0,Regular Customers
17859,304,1,141.92,1,2,1,4,1,At-Risk / Inactive
17860,368,1,226.45000000000002,1,2,1,4,1,At-Risk / Inactive
17861,3,8,2097.88,5,5,5,15,0,Regular Customers
17862,323,1,330.9,1,2,2,5,1,At-Risk / Inactive
17863,59,6,3160.0,3,5,5,13,0,Regular Customers
17864,12,3,554.85,5,4,3,12,0,Regular Customers
17865,30,20,10524.22,4,5,5,14,3,High-Value Customers
17866,142,1,329.65000000000003,2,2,2,6,0,Regular Customers
17867,30,6,1157.8700000000001,4,5,4,13,0,Regular Customers
17869,107,5,428.18,2,4,2,8,0,Regular Customers
17870,2,12,1865.8899999999999,5,5,4,14,0,Regular Customers
17871,204,1,155.9,1,2,1,4,1,At-Risk / Inactive
17873,80,5,1719.5800000000002,2,4,4,10,0,Regular Customers
17874,185,6,683.46,1,5,3,9,1,At-Risk / Inactive
17877,170,1,237.61,2,2,1,5,1,At-Risk / Inactive
17878,43,1,379.45,3,2,2,7,0,Regular Customers
17879,173,1,178.52,2,2,1,5,1,At-Risk / Inactive
17880,364,1,458.92,1,2,2,5,1,At-Risk / Inactive
17881,304,1,133.35,1,2,1,4,1,At-Risk / Inactive
17883,3,4,664.34,5,4,3,12,0,Regular Customers
17884,3,4,695.07,5,4,3,12,0,Regular Customers
17885,12,1,156.34,5,2,1,8,0,Regular Customers
17886,31,3,869.28,4,4,3,11,0,Regular Customers
17887,129,1,111.35,2,2,1,5,0,Regular Customers
17888,21,8,716.0,4,5,3,12,0,Regular Customers
17889,212,2,201.37,1,3,1,5,1,At-Risk / Inactive
17890,322,2,586.89,1,3,3,7,1,At-Risk / Inactive
17891,162,1,203.85999999999999,2,2,1,5,1,At-Risk / Inactive
17892,56,3,244.1,3,4,1,8,0,Regular Customers
17893,225,1,107.21,1,2,1,4,1,At-Risk / Inactive
17894,71,8,1118.54,3,5,4,12,0,Regular Customers
17895,44,1,95.45,3,2,1,6,0,Regular Customers
17896,23,1,256.32,4,2,2,8,0,Regular Customers
17897,172,3,541.81,2,4,3,9,1,At-Risk / Inactive
17898,85,2,152.06,2,3,1,6,0,Regular Customers
17899,159,1,154.55,2,2,1,5,1,At-Risk / Inactive
17900,190,2,112.19999999999999,1,3,1,5,1,At-Risk / Inactive
17901,29,1,110.38,4,2,1,7,0,Regular Customers
17904,21,1,181.07,4,2,1,7,0,Regular Customers
17905,71,4,798.99,3,4,3,10,0,Regular Customers
17906,247,1,72.9,1,2,1,4,1,At-Risk / Inactive
17908,373,1,232.03,1,2,1,4,1,At-Risk / Inactive
17911,9,1,366.23,5,2,2,9,0,Regular Customers
17912,310,5,310.06,1,4,2,7,1,At-Risk / Inactive
17913,58,2,408.65,3,3,2,8,0,Regular Customers
17914,3,1,329.36,5,2,2,9,0,Regular Customers
17917,45,3,335.03,3,4,2,9,0,Regular Customers
17919,88,1,1304.04,2,2,4,8,0,Regular Customers
17920,4,17,4107.6,5,5,5,15,3,High-Value Customers
17921,64,4,820.23,3,4,3,10,0,Regular Customers
17923,282,1,207.50000000000003,1,2,1,4,1,At-Risk / Inactive
17924,11,7,2962.5,5,5,5,15,0,Regular Customers
17925,372,1,244.08,1,2,1,4,1,At-Risk / Inactive
17926,133,2,397.29,2,3,2,7,0,Regular Customers
17928,45,2,184.46,3,3,1,7,0,Regular Customers
17929,11,4,843.0,5,4,3,12,0,Regular Customers
17930,35,5,1740.48,3,4,4,11,0,Regular Customers
17931,134,2,408.36,2,3,2,7,0,Regular Customers
17932,29,3,1331.57,4,4,4,12,0,Regular Customers
17934,51,2,704.25,3,3,3,9,0,Regular Customers
17935,138,2,142.89000000000001,2,3,1,6,0,Regular Customers
17936,5,1,380.13,5,2,2,9,0,Regular Customers
17937,8,7,4301.22,5,5,5,15,0,Regular Customers
17939,159,1,99.14,2,2,1,5,1,At-Risk / Inactive
17940,49,9,2152.1800000000003,3,5,5,13,0,Regular Customers
17941,130,1,304.56,2,2,2,6,0,Regular Customers
17942,7,1,77.50000000000001,5,2,1,8,0,Regular Customers
17946,233,2,149.57999999999998,1,3,1,5,1,At-Risk / Inactive
17947,37,1,176.68,3,2,1,6,0,Regular Customers
17948,147,1,358.56000000000006,2,2,2,6,1,At-Risk / Inactive
17949,1,44,58030.48,5,5,5,15,3,High-Value Customers
17950,72,3,482.2,2,4,2,8,0,Regular Customers
17951,39,3,1008.5400000000001,3,4,4,11,0,Regular Customers
17954,5,12,2314.13,5,5,5,15,0,Regular Customers
17955,198,4,557.3,1,4,3,8,1,At-Risk / Inactive
17956,249,1,12.75,1,2,1,4,1,At-Risk / Inactive
17957,66,1,110.72,3,2,1,6,0,Regular Customers
17958,116,1,508.46000000000004,2,2,3,7,0,Regular Customers
17960,171,1,73.78,2,2,1,5,1,At-Risk / Inactive
17961,21,39,1296.44,4,5,4,13,3,High-Value Customers
17962,142,1,102.41,2,2,1,5,0,Regular Customers
17964,31,2,463.21,4,3,2,9,0,Regular Customers
17965,37,14,2599.19,3,5,5,13,0,Regular Customers
17966,37,5,1098.43,3,4,4,11,0,Regular Customers
17967,371,1,112.27,1,2,1,4,1,At-Risk / Inactive
17968,373,1,265.1,1,2,2,5,1,At-Risk / Inactive
17969,166,2,228.2,2,3,1,6,1,At-Risk / Inactive
17970,211,1,562.79,1,2,3,6,1,At-Risk / Inactive
17972,241,1,135.19,1,2,1,4,1,At-Risk / Inactive
17973,51,1,337.04,3,2,2,7,0,Regular Customers
17974,24,3,703.99,4,4,3,11,0,Regular Customers
17975,15,13,4479.96,4,5,5,14,0,Regular Customers
17976,372,1,321.79,1,2,2,5,1,At-Risk / Inactive
17977,29,1,288.14,4,2,2,8,0,Regular Customers
17978,365,1,300.91999999999996,1,2,2,5,1,At-Risk / Inactive
17979,35,4,729.01,3,4,3,10,0,Regular Customers
17980,165,3,811.45,2,4,3,9,1,At-Risk / Inactive
17984,145,1,152.68,2,2,1,5,1,At-Risk / Inactive
17985,22,1,631.35,4,2,3,9,0,Regular Customers
17986,56,1,20.8,3,2,1,6,0,Regular Customers
17987,185,1,198.57,1,2,1,4,1,At-Risk / Inactive
17988,11,7,201.12,5,5,1,11,0,Regular Customers
17990,236,3,630.84,1,4,3,8,1,At-Risk / Inactive
17991,225,2,93.35,1,3,1,5,1,At-Risk / Inactive
17994,121,4,674.89,2,4,3,9,0,Regular Customers
17995,281,1,76.1,1,2,1,4,1,At-Risk / Inactive
17997,74,8,1962.46,2,5,4,11,0,Regular Customers
17999,37,2,380.39,3,3,2,8,0,Regular Customers
18001,12,2,415.13,5,3,2,10,0,Regular Customers
18004,362,1,157.92,1,2,1,4,1,At-Risk / Inactive
18005,3,2,226.47,5,3,1,9,0,Regular Customers
18006,23,1,444.68,4,2,2,8,0,Regular Customers
18008,70,9,2116.19,3,5,5,13,0,Regular Customers
18009,235,1,247.39,1,2,2,5,1,At-Risk / Inactive
18010,256,1,174.8,1,2,1,4,1,At-Risk / Inactive
18011,373,1,102.78999999999999,1,2,1,4,1,At-Risk / Inactive
18013,155,2,187.29,2,3,1,6,1,At-Risk / Inactive
18014,28,1,154.27,4,2,1,7,0,Regular Customers
18015,4,1,120.03,5,2,1,8,0,Regular Customers
18016,32,5,1477.66,4,4,4,12,0,Regular Customers
18017,81,3,523.0,2,4,3,9,0,Regular Customers
18018,108,2,122.14,2,3,1,6,0,Regular Customers
18019,51,1,38.45,3,2,1,6,0,Regular Customers
18022,35,1,612.72,3,2,3,8,0,Regular Customers
18024,152,2,389.78,2,3,2,7,1,At-Risk / Inactive
18027,98,1,115.31,2,2,1,5,0,Regular Customers
18030,4,2,230.64999999999998,5,3,1,9,0,Regular Customers
18032,334,1,73.5,1,2,1,4,1,At-Risk / Inactive
18033,65,1,93.82000000000001,3,2,1,6,0,Regular Customers
18034,21,2,418.68,4,3,2,9,0,Regular Customers
18035,35,3,713.89,3,4,3,10,0,Regular Customers
18036,32,3,403.12,4,4,2,10,0,Regular Customers
18037,154,6,70.02,2,5,1,8,1,At-Risk / Inactive
18040,19,2,357.20000000000005,4,3,2,9,0,Regular Customers
18041,11,21,4097.37,5,5,5,15,3,High-Value Customers
18042,53,1,165.04999999999998,3,2,1,6,0,Regular Customers
18043,24,3,529.29,4,4,3,11,0,Regular Customers
18044,4,10,2088.6,5,5,5,15,0,Regular Customers
18045,45,1,178.34,3,2,1,6,0,Regular Customers
18048,203,2,172.29000000000002,1,3,1,5,1,At-Risk / Inactive
18050,359,1,74.4,1,2,1,4,1,At-Risk / Inactive
18053,70,1,300.02,3,2,2,7,0,Regular Customers
18055,7,10,6761.34,5,5,5,15,0,Regular Customers
18056,288,1,363.65,1,2,2,5,1,At-Risk / Inactive
18058,9,1,170.16,5,2,1,8,0,Regular Customers
18059,23,3,306.46,4,4,2,10,0,Regular Customers
18061,21,10,2119.41,4,5,5,14,0,Regular Customers
18062,173,3,720.52,2,4,3,9,1,At-Risk / Inactive
18064,133,2,814.0,2,3,3,8,0,Regular Customers
18065,5,14,2392.83,5,5,5,15,0,Regular Customers
18066,75,1,318.0,2,2,2,6,0,Regular Customers
18067,40,1,396.33,3,2,2,7,0,Regular Customers
18068,289,1,101.7,1,2,1,4,1,At-Risk / Inactive
18069,26,5,2009.24,4,4,4,12,0,Regular Customers
18071,257,2,453.0,1,3,2,6,1,At-Risk / Inactive
18072,185,1,247.44,1,2,2,5,1,At-Risk / Inactive
18073,114,12,3859.82,2,5,5,12,0,Regular Customers
18074,373,1,489.6,1,2,3,6,1,At-Risk / Inactive
18075,23,10,2611.75,4,5,5,14,0,Regular Customers
18077,8,11,2584.41,5,5,5,15,0,Regular Customers
18078,217,2,336.13,1,3,2,6,1,At-Risk / Inactive
18079,45,4,3613.15,3,4,5,12,0,Regular Customers
18080,18,2,1231.5,4,3,4,11,0,Regular Customers
18081,36,3,343.45,3,4,2,9,0,Regular Customers
18082,25,1,680.84,4,2,3,9,0,Regular Customers
18084,16,1,90.48,4,2,1,7,0,Regular Customers
18085,330,2,689.95,1,3,3,7,1,At-Risk / Inactive
18086,274,1,101.34,1,2,1,4,1,At-Risk / Inactive
18087,290,1,3202.92,1,2,5,8,1,At-Risk / Inactive
18088,61,1,166.03,3,2,1,6,0,Regular Customers
18092,2,11,9068.26,5,5,5,15,0,Regular Customers
18093,93,4,2106.52,2,4,5,11,0,Regular Customers
18094,81,7,3017.3,2,5,5,12,0,Regular Customers
18095,312,2,580.05,1,3,3,7,1,At-Risk / Inactive
18096,11,3,849.06,5,4,3,12,0,Regular Customers
18097,7,6,2662.4,5,5,5,15,0,Regular Customers
18099,127,1,168.31,2,2,1,5,0,Regular Customers
18101,11,2,222.4,5,3,1,9,0,Regular Customers
18102,0,60,259657.3,5,5,5,15,2,VIP Customers
18104,37,1,754.64,3,2,3,8,0,Regular Customers
18105,37,1,113.48000000000002,3,2,1,6,0,Regular Customers
18106,329,1,421.9,1,2,2,5,1,At-Risk / Inactive
18108,254,1,271.0,1,2,2,5,1,At-Risk / Inactive
18109,1,26,8004.92,5,5,5,15,3,High-Value Customers
18110,19,1,198.8,4,2,1,7,0,Regular Customers
18112,12,2,352.69,5,3,2,10,0,Regular Customers
18113,368,1,76.32000000000001,1,2,1,4,1,At-Risk / Inactive
18114,290,1,220.1,1,2,1,4,1,At-Risk / Inactive
18116,67,8,1397.01,3,5,4,12,0,Regular Customers
18117,25,1,314.4,4,2,2,8,0,Regular Customers
18118,10,26,5622.68,5,5,5,15,3,High-Value Customers
18119,367,1,180.7,1,2,1,4,1,At-Risk / Inactive
18120,214,1,111.15,1,2,1,4,1,At-Risk / Inactive
18121,149,2,653.3000000000001,2,3,3,8,1,At-Risk / Inactive
18122,8,6,1790.59,5,5,4,14,0,Regular Customers
18123,24,2,574.4399999999999,4,3,3,10,0,Regular Customers
18125,29,4,1131.75,4,4,4,12,0,Regular Customers
18126,60,1,198.58,3,2,1,6,0,Regular Customers
18127,19,3,347.08,4,4,2,10,0,Regular Customers
18129,243,1,112.55000000000001,1,2,1,4,1,At-Risk / Inactive
18130,15,3,1059.39,4,4,4,12,0,Regular Customers
18133,212,1,931.5,1,2,4,7,1,At-Risk / Inactive
18135,29,5,681.91,4,4,3,11,0,Regular Customers
18136,63,3,784.33,3,4,3,10,0,Regular Customers
18138,295,1,152.65,1,2,1,4,1,At-Risk / Inactive
18139,17,6,8438.34,4,5,5,14,0,Regular Customers
18142,157,2,1019.52,2,3,4,9,1,At-Risk / Inactive
18143,116,2,1000.16,2,3,4,9,0,Regular Customers
18144,7,12,2888.75,5,5,5,15,0,Regular Customers
18145,12,4,2861.55,5,4,5,14,0,Regular Customers
18146,140,2,160.35,2,3,1,6,0,Regular Customers
18147,45,2,179.34,3,3,1,7,0,Regular Customers
18149,50,3,612.0799999999999,3,4,3,10,0,Regular Customers
18150,32,3,566.58,4,4,3,11,0,Regular Customers
18151,134,2,653.35,2,3,3,8,0,Regular Customers
18154,3,2,399.19,5,3,2,10,0,Regular Customers
18155,75,3,371.62,2,4,2,8,0,Regular Customers
18156,12,2,675.64,5,3,3,11,0,Regular Customers
18158,9,2,453.4,5,3,2,10,0,Regular Customers
18159,301,1,530.15,1,2,3,6,1,At-Risk / Inactive
18160,57,2,638.0600000000001,3,3,3,9,0,Regular Customers
18161,15,5,1618.69,4,4,4,12,0,Regular Customers
18164,37,1,399.65,3,2,2,7,0,Regular Customers
18165,177,1,302.46,2,2,2,6,1,At-Risk / Inactive
18167,23,3,1384.8600000000001,4,4,4,12,0,Regular Customers
18168,176,6,1160.04,2,5,4,11,1,At-Risk / Inactive
18169,60,1,202.65,3,2,1,6,0,Regular Customers
18170,33,3,980.3100000000001,3,4,4,11,0,Regular Customers
18171,58,5,1231.31,3,4,4,11,0,Regular Customers
18172,14,20,7561.68,5,5,5,15,3,High-Value Customers
18173,86,4,2106.84,2,4,5,11,0,Regular Customers
18174,7,1,104.0,5,2,1,8,0,Regular Customers
18176,358,1,476.35,1,2,2,5,1,At-Risk / Inactive
18177,31,6,1340.8700000000001,4,5,4,13,0,Regular Customers
18178,128,4,1590.81,2,4,4,10,0,Regular Customers
18179,9,6,1793.17,5,5,4,14,0,Regular Customers
18180,4,6,1843.75,5,5,4,14,0,Regular Customers
18181,24,1,366.85,4,2,2,8,0,Regular Customers
18183,227,2,632.07,1,3,3,7,1,At-Risk / Inactive
18184,15,1,49.8,4,2,1,7,0,Regular Customers
18185,249,1,304.25,1,2,2,5,1,At-Risk / Inactive
18188,15,3,2001.04,4,4,4,12,0,Regular Customers
18189,77,2,1090.24,2,3,4,9,0,Regular Customers
18190,192,2,284.46000000000004,1,3,2,6,1,At-Risk / Inactive
18191,261,1,207.8,1,2,1,4,1,At-Risk / Inactive
18192,71,1,957.97,3,2,4,9,0,Regular Customers
18193,165,1,243.76,2,2,1,5,1,At-Risk / Inactive
18194,82,1,973.84,2,2,4,8,0,Regular Customers
18196,95,2,686.63,2,3,3,8,0,Regular Customers
18198,4,17,5425.56,5,5,5,15,3,High-Value Customers
18200,106,1,150.35,2,2,1,5,0,Regular Customers
18202,199,3,1396.99,1,4,4,9,1,At-Risk / Inactive
18203,157,1,160.42000000000002,2,2,1,5,1,At-Risk / Inactive
18204,71,3,1975.3500000000001,3,4,4,11,0,Regular Customers
18205,36,2,517.36,3,3,3,9,0,Regular Customers
18209,28,1,139.10000000000002,4,2,1,7,0,Regular Customers
18210,1,6,2621.38,5,5,5,15,0,Regular Customers
18211,25,5,600.07,4,4,3,11,0,Regular Customers
18212,326,1,216.07,1,2,1,4,1,At-Risk / Inactive
18213,236,1,232.48000000000002,1,2,1,4,1,At-Risk / Inactive
18215,89,1,299.34000000000003,2,2,2,6,0,Regular Customers
18216,31,1,481.75,4,2,2,8,0,Regular Customers
18217,29,2,621.75,4,3,3,10,0,Regular Customers
18218,211,2,641.92,1,3,3,7,1,At-Risk / Inactive
18219,2,10,2069.77,5,5,5,15,0,Regular Customers
18220,226,1,305.28,1,2,2,5,1,At-Risk / Inactive
18221,22,5,1041.61,4,4,4,12,0,Regular Customers
18222,92,1,443.0,2,2,2,6,0,Regular Customers
18223,4,14,6484.54,5,5,5,15,3,High-Value Customers
18224,263,1,158.95000000000002,1,2,1,4,1,At-Risk / Inactive
18225,3,12,5504.96,5,5,5,15,0,Regular Customers
18226,44,11,5228.05,3,5,5,13,0,Regular Customers
18227,217,1,93.75,1,2,1,4,1,At-Risk / Inactive
18228,56,2,779.9,3,3,3,9,0,Regular Customers
18229,11,20,7276.9,5,5,5,15,3,High-Value Customers
18230,9,7,2810.2000000000003,5,5,5,15,0,Regular Customers
18231,192,5,2071.77,1,4,5,10,1,At-Risk / Inactive
18232,81,4,592.97,2,4,3,9,0,Regular Customers
18233,325,1,440.0,1,2,2,5,1,At-Risk / Inactive
18235,71,3,1796.48,3,4,4,11,0,Regular Customers
18236,29,6,882.24,4,5,3,12,0,Regular Customers
18237,2,5,987.1,5,5,4,14,0,Regular Customers
18239,218,5,1561.6100000000001,1,5,4,10,1,At-Risk / Inactive
18240,46,1,422.58,3,2,2,7,0,Regular Customers
18241,9,17,2073.09,5,5,5,15,3,High-Value Customers
18242,72,4,2232.4900000000002,2,4,5,11,0,Regular Customers
18245,7,7,2567.06,5,5,5,15,0,Regular Customers
18246,23,2,596.1,4,3,3,10,0,Regular Customers
18248,122,2,804.02,2,3,3,8,0,Regular Customers
18249,17,1,95.34,4,2,1,7,0,Regular Customers
18250,310,1,349.27,1,2,2,5,1,At-Risk / Inactive
18251,87,1,4314.72,2,2,5,9,0,Regular Customers
18252,50,2,518.27,3,3,3,9,0,Regular Customers
18255,89,1,103.30000000000001,2,2,1,5,0,Regular Customers
18257,39,8,2337.63,3,5,5,13,0,Regular Customers
18259,24,3,2338.6,4,4,5,13,0,Regular Customers
18260,172,6,2628.35,2,5,5,12,1,At-Risk / Inactive
18261,43,2,324.24,3,3,2,8,0,Regular Customers
18262,140,1,149.48,2,2,1,5,0,Regular Customers
18263,25,3,1213.16,4,4,4,12,0,Regular Customers
18265,72,2,801.51,2,3,3,8,0,Regular Customers
18268,134,1,25.5,2,2,1,5,0,Regular Customers
18269,366,1,168.60000000000002,1,2,1,4,1,At-Risk / Inactive
18270,38,2,283.15000000000003,3,3,2,8,0,Regular Customers
18272,2,6,3078.58,5,5,5,15,0,Regular Customers
18273,2,3,204.0,5,4,1,10,0,Regular Customers
18274,30,1,175.92,4,2,1,7,0,Regular Customers
18276,43,1,335.86,3,2,2,7,0,Regular Customers
18277,58,1,110.38,3,2,1,6,0,Regular Customers
18278,73,1,173.9,2,2,1,5,0,Regular Customers
18280,277,1,180.60000000000002,1,2,1,4,1,At-Risk / Inactive
18281,180,1,80.82,1,2,1,4,1,At-Risk / Inactive
18282,7,2,178.05,5,3,1,9,0,Regular Customers
18283,3,16,2039.58,5,5,5,15,3,High-Value Customers
18287,42,3,1837.28,3,4,4,11,0,Regular Customers
